#CHROM	POS	REF	ALT	GENEINFO	MC	CLNSIG	Consequence
11	19206573	A	C	CSRP3:8048	SO:0001583|missense_variant	Likely_pathogenic	missense_variant
11	47353621	A	G	MYBPC3:4607	.	Likely_pathogenic	splice_donor_variant
11	47353626	G	A	MYBPC3:4607	SO:0001587|nonsense	Pathogenic/Likely_pathogenic	stop_gained
11	47353637	CG	C	MYBPC3:4607	SO:0001589|frameshift_variant	Pathogenic	frameshift_variant
11	47353660	CT	C	MYBPC3:4607	.	Pathogenic/Likely_pathogenic	frameshift_variant
11	47353664	A	C	MYBPC3:4607	SO:0001587|nonsense	Pathogenic/Likely_pathogenic	stop_gained
11	47353664	A	T	MYBPC3:4607	SO:0001587|nonsense	Pathogenic	stop_gained
11	47353667	TTGG	T	MYBPC3:4607	SO:0001822|inframe_deletion	Likely_pathogenic	inframe_deletion
11	47353670	GT	G	MYBPC3:4607	SO:0001589|frameshift_variant	Pathogenic	frameshift_variant
11	47353677	T	TGCAGACATAGATGCCCCC	MYBPC3:4607	SO:0001821|inframe_insertion	Pathogenic/Likely_pathogenic	inframe_insertion
11	47353683	CAT	C	MYBPC3:4607	SO:0001589|frameshift_variant	Pathogenic/Likely_pathogenic	frameshift_variant
11	47353684	A	C	MYBPC3:4607	SO:0001587|nonsense	Pathogenic	stop_gained
11	47353690	GC	G	MYBPC3:4607	SO:0001589|frameshift_variant	Pathogenic	frameshift_variant
11	47353701	AG	A	MYBPC3:4607	SO:0001589|frameshift_variant	Pathogenic/Likely_pathogenic	frameshift_variant
11	47353705	G	T	MYBPC3:4607	SO:0001587|nonsense	Pathogenic/Likely_pathogenic	stop_gained
11	47353710	GC	G	MYBPC3:4607	SO:0001589|frameshift_variant	Pathogenic/Likely_pathogenic	frameshift_variant
11	47353723	CAG	C	MYBPC3:4607	SO:0001589|frameshift_variant	Pathogenic	frameshift_variant
11	47353724	A	G	MYBPC3:4607	SO:0001583|missense_variant	Likely_pathogenic	missense_variant
11	47353733	ACT	A	MYBPC3:4607	SO:0001589|frameshift_variant	Pathogenic	frameshift_variant
11	47353740	G	A	MYBPC3:4607	SO:0001587|nonsense	Pathogenic/Likely_pathogenic	stop_gained
11	47353743	T	A	MYBPC3:4607	SO:0001587|nonsense	Pathogenic/Likely_pathogenic	stop_gained
11	47353745	C	CTGAA	MYBPC3:4607	SO:0001589|frameshift_variant	Pathogenic	frameshift_variant
11	47353771	TC	T	MYBPC3:4607	SO:0001589|frameshift_variant	Pathogenic	frameshift_variant
11	47353773	C	A	MYBPC3:4607	SO:0001587|nonsense	Pathogenic	stop_gained
11	47353774	CA	C	MYBPC3:4607	SO:0001589|frameshift_variant	Pathogenic/Likely_pathogenic	frameshift_variant
11	47353792	G	GA	MYBPC3:4607	.	Pathogenic	frameshift_variant
11	47353795	C	T	MYBPC3:4607	SO:0001587|nonsense	Pathogenic/Likely_pathogenic	stop_gained
11	47353796	C	T	MYBPC3:4607	SO:0001587|nonsense	Pathogenic	stop_gained
11	47354114	TA	T	MYBPC3:4607	SO:0001575|splice_donor_variant	Pathogenic	splice_donor_variant
11	47354115	A	G	MYBPC3:4607	.	Likely_pathogenic	splice_donor_variant
11	47354115	A	C	MYBPC3:4607	.	Pathogenic	splice_donor_variant
11	47354116	C	T	MYBPC3:4607	SO:0001575|splice_donor_variant	Pathogenic	splice_donor_variant
11	47354119	T	TG	MYBPC3:4607	.	Pathogenic/Likely_pathogenic	frameshift_variant
11	47354119	TG	T	MYBPC3:4607	.	Pathogenic	frameshift_variant
11	47354126	AC	A	MYBPC3:4607	SO:0001589|frameshift_variant	Pathogenic	frameshift_variant
11	47354134	CAGCACAGCAG	C	MYBPC3:4607	SO:0001589|frameshift_variant	Pathogenic	frameshift_variant
11	47354170	CCGAG	C	MYBPC3:4607	SO:0001589|frameshift_variant	Pathogenic	frameshift_variant
11	47354172	G	T	MYBPC3:4607	SO:0001587|nonsense	Pathogenic	stop_gained
11	47354183	CA	C	MYBPC3:4607	SO:0001589|frameshift_variant	Pathogenic	frameshift_variant
11	47354194	T	TG	MYBPC3:4607	SO:0001589|frameshift_variant	Likely_pathogenic	frameshift_variant
11	47354231	GT	G	MYBPC3:4607	SO:0001589|frameshift_variant	Pathogenic	frameshift_variant
11	47354255	T	A	MYBPC3:4607	SO:0001574|splice_acceptor_variant	Pathogenic/Likely_pathogenic	splice_acceptor_variant
11	47354363	ACCTG	A	MYBPC3:4607	SO:0001575|splice_donor_variant	Likely_pathogenic	splice_donor_variant&coding_sequence_variant
11	47354364	C	A	MYBPC3:4607	.	Pathogenic/Likely_pathogenic	splice_donor_variant
11	47354364	C	T	MYBPC3:4607	SO:0001575|splice_donor_variant	Pathogenic	splice_donor_variant
11	47354375	G	GATAA	MYBPC3:4607	SO:0001589|frameshift_variant	Pathogenic	frameshift_variant
11	47354378	A	AAAAT	MYBPC3:4607	SO:0001589|frameshift_variant	Pathogenic	frameshift_variant
11	47354387	C	CT	MYBPC3:4607	SO:0001589|frameshift_variant	Pathogenic	frameshift_variant
11	47354431	G	A	MYBPC3:4607	SO:0001587|nonsense	Pathogenic	stop_gained
11	47354447	G	T	MYBPC3:4607	SO:0001587|nonsense	Pathogenic	stop_gained
11	47354447	G	C	MYBPC3:4607	SO:0001587|nonsense	Pathogenic	stop_gained
11	47354483	G	T	MYBPC3:4607	SO:0001587|nonsense	Pathogenic	stop_gained
11	47354498	G	C	MYBPC3:4607	SO:0001587|nonsense	Pathogenic	stop_gained
11	47354498	G	T	MYBPC3:4607	SO:0001587|nonsense	Pathogenic	stop_gained
11	47354519	C	CCACT	MYBPC3:4607	SO:0001587|nonsense	Pathogenic/Likely_pathogenic	stop_gained&frameshift_variant
11	47354520	C	T	MYBPC3:4607	SO:0001587|nonsense	Pathogenic	stop_gained
11	47354525	C	T	MYBPC3:4607	SO:0001574|splice_acceptor_variant	Pathogenic/Likely_pathogenic	splice_acceptor_variant
11	47354525	C	G	MYBPC3:4607	.	Pathogenic/Likely_pathogenic	splice_acceptor_variant
11	47354526	T	G	MYBPC3:4607	.	Pathogenic/Likely_pathogenic	splice_acceptor_variant
11	47354740	C	G	MYBPC3:4607	SO:0001627|intron_variant	Pathogenic/Likely_pathogenic	splice_donor_5th_base_variant&intron_variant
11	47354740	C	A	MYBPC3:4607	SO:0001627|intron_variant	Pathogenic/Likely_pathogenic	splice_donor_5th_base_variant&intron_variant
11	47354740	C	T	MYBPC3:4607	.	Pathogenic	splice_donor_5th_base_variant&intron_variant
11	47354743	A	G	MYBPC3:4607	.	Pathogenic	splice_donor_variant
11	47354743	A	C	MYBPC3:4607	SO:0001575|splice_donor_variant	Pathogenic/Likely_pathogenic	splice_donor_variant
11	47354744	C	A	MYBPC3:4607	.	Pathogenic/Likely_pathogenic	splice_donor_variant
11	47354746	AT	A	MYBPC3:4607	SO:0001589|frameshift_variant	Pathogenic	frameshift_variant&splice_region_variant
11	47354746	ATGGTCTTCTTGTCGGCTTTC	A	MYBPC3:4607	SO:0001589|frameshift_variant	Pathogenic	frameshift_variant&splice_region_variant
11	47354753	T	TC	MYBPC3:4607	.	Pathogenic	frameshift_variant
11	47354766	CTGCACTG	C	MYBPC3:4607	SO:0001589|frameshift_variant	Pathogenic	frameshift_variant
11	47354777	A	AC	MYBPC3:4607	.	Pathogenic	frameshift_variant
11	47354781	C	T	MYBPC3:4607	SO:0001587|nonsense	Pathogenic	stop_gained
11	47354782	C	T	MYBPC3:4607	SO:0001587|nonsense	Pathogenic	stop_gained
11	47354786	GC	G	MYBPC3:4607	.	Pathogenic	frameshift_variant
11	47354789	C	A	MYBPC3:4607	SO:0001587|nonsense	Pathogenic/Likely_pathogenic	stop_gained
11	47354818	C	T	MYBPC3:4607	SO:0001587|nonsense	Pathogenic	stop_gained
11	47354822	C	A	MYBPC3:4607	SO:0001587|nonsense	Pathogenic/Likely_pathogenic	stop_gained
11	47354842	C	T	MYBPC3:4607	SO:0001587|nonsense	Pathogenic	stop_gained
11	47354843	A	AG	MYBPC3:4607	SO:0001589|frameshift_variant	Pathogenic	frameshift_variant
11	47354848	T	TA	MYBPC3:4607	SO:0001589|frameshift_variant	Pathogenic	frameshift_variant
11	47354857	C	CG	MYBPC3:4607	.	Pathogenic/Likely_pathogenic	frameshift_variant
11	47354859	G	GC	MYBPC3:4607	SO:0001589|frameshift_variant	Pathogenic	frameshift_variant
11	47354881	TTGTCTGCGGGAGAC	T	MYBPC3:4607	.	Likely_pathogenic	splice_acceptor_variant&splice_polypyrimidine_tract_variant&coding_sequence_variant&intron_variant
11	47354882	T	TG	MYBPC3:4607	.	Pathogenic	frameshift_variant&splice_region_variant
11	47354885	C	G	MYBPC3:4607	SO:0001574|splice_acceptor_variant	Likely_pathogenic	splice_acceptor_variant
11	47354885	C	T	MYBPC3:4607	SO:0001574|splice_acceptor_variant	Likely_pathogenic	splice_acceptor_variant
11	47355103	C	T	MYBPC3:4607	SO:0001627|intron_variant	Pathogenic/Likely_pathogenic	splice_donor_5th_base_variant&intron_variant
11	47355103	CGCACCAACAACCT	C	MYBPC3:4607	.	Pathogenic/Likely_pathogenic	splice_donor_variant&splice_donor_region_variant&coding_sequence_variant&intron_variant
11	47355106	A	C	MYBPC3:4607	SO:0001575|splice_donor_variant	Pathogenic	splice_donor_variant
11	47355106	AC	A	MYBPC3:4607	SO:0001575|splice_donor_variant	Likely_pathogenic	splice_donor_variant
11	47355107	C	T	MYBPC3:4607	SO:0001575|splice_donor_variant	Pathogenic	splice_donor_variant
11	47355117	G	A	MYBPC3:4607	SO:0001587|nonsense	Pathogenic	stop_gained
11	47355131	G	GC	MYBPC3:4607	.	Pathogenic	frameshift_variant
11	47355135	T	A	MYBPC3:4607	SO:0001587|nonsense	Pathogenic/Likely_pathogenic	stop_gained
11	47355169	G	C	MYBPC3:4607	SO:0001587|nonsense	Pathogenic	stop_gained
11	47355169	G	T	MYBPC3:4607	SO:0001587|nonsense	Pathogenic	stop_gained
11	47355173	G	GTT	MYBPC3:4607	SO:0001589|frameshift_variant	Pathogenic	frameshift_variant
11	47355173	GT	G	MYBPC3:4607	SO:0001589|frameshift_variant	Pathogenic	frameshift_variant
11	47355196	GGCCCGGATGAACA	G	MYBPC3:4607	.	Pathogenic	frameshift_variant
11	47355197	GC	G	MYBPC3:4607	SO:0001589|frameshift_variant	Pathogenic	frameshift_variant
11	47355219	C	TT	MYBPC3:4607	.	Pathogenic	frameshift_variant
11	47355229	G	GT	MYBPC3:4607	.	Pathogenic	frameshift_variant
11	47355254	G	GC	MYBPC3:4607	SO:0001589|frameshift_variant	Likely_pathogenic	frameshift_variant
11	47355257	AG	A	MYBPC3:4607	SO:0001589|frameshift_variant	Pathogenic	frameshift_variant
11	47355287	TGA	T	MYBPC3:4607	SO:0001589|frameshift_variant	Pathogenic/Likely_pathogenic	frameshift_variant
11	47355471	A	G	MYBPC3:4607	SO:0001575|splice_donor_variant	Pathogenic	splice_donor_variant
11	47355471	AC	A	MYBPC3:4607	SO:0001575|splice_donor_variant	Likely_pathogenic	splice_donor_variant
11	47355475	G	A	MYBPC3:4607	SO:0001587|nonsense	Pathogenic	stop_gained&splice_region_variant
11	47355486	AG	A	MYBPC3:4607	SO:0001589|frameshift_variant	Pathogenic	frameshift_variant
11	47355514	T	A	MYBPC3:4607	SO:0001587|nonsense	Pathogenic	stop_gained
11	47355517	G	A	MYBPC3:4607	SO:0001587|nonsense	Pathogenic	stop_gained
11	47355519	ATGGTC	A	MYBPC3:4607	SO:0001589|frameshift_variant	Pathogenic	frameshift_variant
11	47355547	G	A	MYBPC3:4607	SO:0001587|nonsense	Pathogenic	stop_gained
11	47355562	C	T	MYBPC3:4607	SO:0001574|splice_acceptor_variant	Likely_pathogenic	splice_acceptor_variant
11	47355563	T	C	MYBPC3:4607	SO:0001574|splice_acceptor_variant	Likely_pathogenic	splice_acceptor_variant
11	47356591	A	T	MYBPC3:4607	SO:0001575|splice_donor_variant	Likely_pathogenic	splice_donor_variant
11	47356592	C	G	MYBPC3:4607	SO:0001575|splice_donor_variant	Pathogenic	splice_donor_variant
11	47356593	G	A	MYBPC3:4607	SO:0001587|nonsense	Pathogenic	stop_gained&splice_region_variant
11	47356605	G	A	MYBPC3:4607	SO:0001587|nonsense	Pathogenic	stop_gained
11	47356621	CGT	C	MYBPC3:4607	SO:0001589|frameshift_variant	Pathogenic	frameshift_variant
11	47356629	T	TA	MYBPC3:4607	SO:0001589|frameshift_variant	Pathogenic	frameshift_variant
11	47356632	CA	C	MYBPC3:4607	SO:0001589|frameshift_variant	Pathogenic	frameshift_variant
11	47356632	CAG	C	MYBPC3:4607	.	Pathogenic/Likely_pathogenic	frameshift_variant
11	47356640	C	CCCAGGCCCTGCCATATTGTGTGCCCGCACTCGGAAAAGCAGCCGGGCCCCCGTGGGCAGGTCCTTCACCAGTATCGATGTGTGCTCTGTCAGCCCCTG	MYBPC3:4607	SO:0001589|frameshift_variant	Pathogenic	frameshift_variant
11	47356663	CCG	C	MYBPC3:4607	SO:0001589|frameshift_variant	Pathogenic	frameshift_variant
11	47356671	G	A	MYBPC3:4607	SO:0001587|nonsense	Pathogenic	stop_gained
11	47356685	GC	G	MYBPC3:4607	SO:0001589|frameshift_variant	Pathogenic	frameshift_variant
11	47356708	CA	C	MYBPC3:4607	SO:0001589|frameshift_variant	Pathogenic	frameshift_variant
11	47356716	ATG	A	MYBPC3:4607	SO:0001589|frameshift_variant	Pathogenic	frameshift_variant
11	47356730	AG	A	MYBPC3:4607	SO:0001587|nonsense	Pathogenic/Likely_pathogenic	frameshift_variant
11	47356737	G	A	MYBPC3:4607	SO:0001587|nonsense	Pathogenic	stop_gained
11	47356750	C	T	MYBPC3:4607	SO:0001587|nonsense	Pathogenic	stop_gained
11	47356751	C	T	MYBPC3:4607	SO:0001587|nonsense	Pathogenic	stop_gained
11	47356759	GC	G	MYBPC3:4607	.	Pathogenic	frameshift_variant&splice_region_variant
11	47356762	T	A	MYBPC3:4607	SO:0001574|splice_acceptor_variant	Likely_pathogenic	splice_acceptor_variant
11	47357408	TTGGGGGCGGGGACACTCACAGCCCTC	T	MYBPC3:4607	SO:0001575|splice_donor_variant	Likely_pathogenic	splice_donor_variant&splice_donor_5th_base_variant&coding_sequence_variant&intron_variant
11	47357424	TCA	T	MYBPC3:4607	SO:0001575|splice_donor_variant	Likely_pathogenic	splice_donor_variant&splice_donor_region_variant&intron_variant
11	47357426	A	T	MYBPC3:4607	SO:0001575|splice_donor_variant	Pathogenic	splice_donor_variant
11	47357427	C	G	MYBPC3:4607	SO:0001575|splice_donor_variant	Pathogenic	splice_donor_variant
11	47357427	C	T	MYBPC3:4607	.	Pathogenic/Likely_pathogenic	splice_donor_variant
11	47357445	TCCACGCTGTAG	T	MYBPC3:4607	.	Pathogenic	frameshift_variant
11	47357446	C	A	MYBPC3:4607	SO:0001587|nonsense	Pathogenic	stop_gained
11	47357491	G	GCCGCCACTTGAGGGAGACCGTGGTGT	MYBPC3:4607	SO:0001589|frameshift_variant	Pathogenic	frameshift_variant
11	47357495	C	T	MYBPC3:4607	SO:0001587|nonsense	Pathogenic	stop_gained
11	47357551	C	A	MYBPC3:4607	SO:0001587|nonsense	Likely_pathogenic	stop_gained
11	47357552	GCTGGGGGGAC	G	MYBPC3:4607	.	Pathogenic	frameshift_variant&splice_region_variant
11	47357554	T	TG	MYBPC3:4607	.	Pathogenic/Likely_pathogenic	frameshift_variant
11	47357554	TG	T	MYBPC3:4607	.	Pathogenic/Likely_pathogenic	frameshift_variant
11	47357560	GA	G	MYBPC3:4607	SO:0001589|frameshift_variant	Pathogenic	frameshift_variant&splice_region_variant
11	47357563	C	T	MYBPC3:4607	SO:0001574|splice_acceptor_variant	Likely_pathogenic	splice_acceptor_variant
11	47357563	C	G	MYBPC3:4607	.	Pathogenic/Likely_pathogenic	splice_acceptor_variant
11	47357564	T	C	MYBPC3:4607	SO:0001574|splice_acceptor_variant	Likely_pathogenic	splice_acceptor_variant
11	47358953	A	AAGGGCTGGGAGGC	MYBPC3:4607	SO:0001589|frameshift_variant	Pathogenic	frameshift_variant
11	47358967	A	AGGGCT	MYBPC3:4607	SO:0001589|frameshift_variant	Pathogenic	frameshift_variant
11	47358971	C	CTT	MYBPC3:4607	SO:0001589|frameshift_variant	Pathogenic	frameshift_variant
11	47358973	GGGCCTGGACAT	G	MYBPC3:4607	SO:0001589|frameshift_variant	Pathogenic/Likely_pathogenic	frameshift_variant
11	47358975	GC	G	MYBPC3:4607	SO:0001589|frameshift_variant	Pathogenic	frameshift_variant
11	47358985	GC	G	MYBPC3:4607	.	Pathogenic	frameshift_variant
11	47358987	CG	C	MYBPC3:4607	SO:0001589|frameshift_variant	Pathogenic	frameshift_variant
11	47358987	CG	AGA	MYBPC3:4607	.	Pathogenic	frameshift_variant
11	47358999	C	CCG	MYBPC3:4607	SO:0001589|frameshift_variant	Pathogenic	frameshift_variant
11	47359003	G	T	MYBPC3:4607	SO:0001587|nonsense	Pathogenic	stop_gained
11	47359003	G	C	MYBPC3:4607	SO:0001587|nonsense	Pathogenic/Likely_pathogenic	stop_gained
11	47359005	AGACGC	A	MYBPC3:4607	SO:0001589|frameshift_variant	Pathogenic	frameshift_variant
11	47359005	AGACGCGC	A	MYBPC3:4607	SO:0001589|frameshift_variant	Pathogenic/Likely_pathogenic	frameshift_variant
11	47359005	AGACGCGCATCTCGTACACCACG	A	MYBPC3:4607	.	Pathogenic	frameshift_variant
11	47359007	ACGCGCATCT	A	MYBPC3:4607	SO:0001822|inframe_deletion	Likely_pathogenic	inframe_deletion
11	47359017	CG	C	MYBPC3:4607	SO:0001587|nonsense	Pathogenic/Likely_pathogenic	frameshift_variant
11	47359018	G	C	MYBPC3:4607	SO:0001587|nonsense	Pathogenic	stop_gained
11	47359019	T	TA	MYBPC3:4607	.	Pathogenic	frameshift_variant
11	47359030	CTCGA	C	MYBPC3:4607	SO:0001589|frameshift_variant	Pathogenic	frameshift_variant
11	47359031	T	TC	MYBPC3:4607	SO:0001589|frameshift_variant	Pathogenic	frameshift_variant
11	47359032	C	A	MYBPC3:4607	SO:0001587|nonsense	Pathogenic	stop_gained
11	47359032	CG	C	MYBPC3:4607	SO:0001589|frameshift_variant	Pathogenic	frameshift_variant
11	47359050	C	A	MYBPC3:4607	SO:0001587|nonsense	Pathogenic	stop_gained
11	47359053	G	GA	MYBPC3:4607	.	Pathogenic/Likely_pathogenic	frameshift_variant
11	47359084	CCGCAT	C	MYBPC3:4607	SO:0001589|frameshift_variant	Pathogenic	frameshift_variant
11	47359085	C	T	MYBPC3:4607	SO:0001583|missense_variant	Pathogenic/Likely_pathogenic	missense_variant
11	47359090	C	T	MYBPC3:4607	SO:0001587|nonsense	Pathogenic	stop_gained
11	47359091	C	T	MYBPC3:4607	SO:0001587|nonsense	Pathogenic	stop_gained
11	47359105	CT	C	MYBPC3:4607	SO:0001589|frameshift_variant	Pathogenic	frameshift_variant
11	47359240	C	T	MYBPC3:4607	SO:0001575|splice_donor_variant	Pathogenic	splice_donor_variant
11	47359259	C	CA	MYBPC3:4607	.	Pathogenic/Likely_pathogenic	frameshift_variant
11	47359263	G	T	MYBPC3:4607	SO:0001587|nonsense	Pathogenic	stop_gained
11	47359271	GC	G	MYBPC3:4607	SO:0001589|frameshift_variant	Pathogenic	frameshift_variant
11	47359276	T	TC	MYBPC3:4607	SO:0001589|frameshift_variant	Pathogenic	frameshift_variant
11	47359278	C	T	MYBPC3:4607	SO:0001587|nonsense	Pathogenic/Likely_pathogenic	stop_gained
11	47359280	A	T	MYBPC3:4607	SO:0001583|missense_variant	Likely_pathogenic	missense_variant
11	47359280	A	G	MYBPC3:4607	SO:0001583|missense_variant	Pathogenic/Likely_pathogenic	missense_variant
11	47359280	A	AC	MYBPC3:4607	.	Pathogenic	frameshift_variant
11	47359283	G	A	MYBPC3:4607	SO:0001587|nonsense	Pathogenic/Likely_pathogenic	stop_gained
11	47359319	T	TG	MYBPC3:4607	SO:0001589|frameshift_variant	Pathogenic	frameshift_variant
11	47359342	A	AC	MYBPC3:4607	.	Pathogenic	frameshift_variant
11	47359347	T	C	MYBPC3:4607	SO:0001574|splice_acceptor_variant	Pathogenic	splice_acceptor_variant
11	47360070	C	CCGAT	MYBPC3:4607	SO:0001589|frameshift_variant	Pathogenic	frameshift_variant&splice_region_variant
11	47360070	C	A	MYBPC3:4607	SO:0001575|splice_donor_variant	Pathogenic	splice_donor_variant
11	47360070	C	T	MYBPC3:4607	SO:0001575|splice_donor_variant	Pathogenic	splice_donor_variant
11	47360094	A	T	MYBPC3:4607	SO:0001583|missense_variant	Likely_pathogenic	missense_variant
11	47360098	G	A	MYBPC3:4607	SO:0001587|nonsense	Likely_pathogenic	stop_gained
11	47360099	GT	G	MYBPC3:4607	SO:0001589|frameshift_variant	Pathogenic	frameshift_variant
11	47360111	AG	A	MYBPC3:4607	SO:0001589|frameshift_variant	Pathogenic	frameshift_variant
11	47360114	G	T	MYBPC3:4607	SO:0001583|missense_variant	Pathogenic	missense_variant
11	47360120	C	CA	MYBPC3:4607	SO:0001589|frameshift_variant	Pathogenic	frameshift_variant
11	47360134	AGACGC	GAAGG	MYBPC3:4607	SO:0001589|frameshift_variant	Pathogenic	frameshift_variant
11	47360157	G	GC	MYBPC3:4607	SO:0001589|frameshift_variant	Pathogenic	frameshift_variant
11	47360197	C	A	MYBPC3:4607	SO:0001587|nonsense	Pathogenic	stop_gained
11	47360215	C	A	MYBPC3:4607	SO:0001587|nonsense	Pathogenic	stop_gained
11	47360215	CG	C	MYBPC3:4607	SO:0001589|frameshift_variant	Pathogenic	frameshift_variant
11	47360231	C	T	MYBPC3:4607	SO:0001574|splice_acceptor_variant	Pathogenic	splice_acceptor_variant
11	47360231	CT	C	MYBPC3:4607	SO:0001574|splice_acceptor_variant	Pathogenic	splice_acceptor_variant
11	47360874	C	A	MYBPC3:4607	SO:0001575|splice_donor_variant	Likely_pathogenic	splice_donor_variant
11	47360909	G	GT	MYBPC3:4607	.	Pathogenic	frameshift_variant
11	47360925	CT	C	MYBPC3:4607	SO:0001589|frameshift_variant	Likely_pathogenic	frameshift_variant
11	47360926	TG	T	MYBPC3:4607	.	Pathogenic	frameshift_variant
11	47360940	C	CTGGG	MYBPC3:4607	SO:0001589|frameshift_variant	Likely_pathogenic	frameshift_variant
11	47360950	ATT	A	MYBPC3:4607	SO:0001587|nonsense	Pathogenic	frameshift_variant
11	47361201	C	T	MYBPC3:4607	.	Pathogenic	splice_donor_variant
11	47361204	G	A	MYBPC3:4607	SO:0001587|nonsense	Pathogenic/Likely_pathogenic	stop_gained&splice_region_variant
11	47361221	C	T	MYBPC3:4607	SO:0001587|nonsense	Pathogenic	stop_gained
11	47361228	C	CA	MYBPC3:4607	.	Pathogenic	frameshift_variant
11	47361253	AGGG	CC	MYBPC3:4607	.	Pathogenic/Likely_pathogenic	frameshift_variant
11	47361256	G	GCC	MYBPC3:4607	SO:0001589|frameshift_variant	Pathogenic	frameshift_variant
11	47361265	A	AC	MYBPC3:4607	SO:0001589|frameshift_variant	Pathogenic	frameshift_variant
11	47361269	AG	C	MYBPC3:4607	.	Pathogenic	frameshift_variant
11	47361316	G	T	MYBPC3:4607	SO:0001587|nonsense	Pathogenic	stop_gained
11	47361343	T	C	MYBPC3:4607	SO:0001574|splice_acceptor_variant	Pathogenic	splice_acceptor_variant
11	47362552	A	G	MYBPC3:4607	.	Likely_pathogenic	splice_donor_variant
11	47362557	G	A	MYBPC3:4607	SO:0001587|nonsense	Pathogenic	stop_gained
11	47362557	GCC	G	MYBPC3:4607	SO:0001589|frameshift_variant	Pathogenic	frameshift_variant
11	47362578	T	A	MYBPC3:4607	SO:0001587|nonsense	Pathogenic	stop_gained
11	47362584	C	T	MYBPC3:4607	.	Pathogenic	splice_acceptor_variant
11	47362688	C	T	MYBPC3:4607	SO:0001575|splice_donor_variant	Pathogenic	splice_donor_variant
11	47362690	CA	C	MYBPC3:4607	.	Pathogenic	frameshift_variant&splice_region_variant
11	47362693	GA	G	MYBPC3:4607	SO:0001589|frameshift_variant	Pathogenic	frameshift_variant
11	47362717	G	T	MYBPC3:4607	SO:0001587|nonsense	Likely_pathogenic	stop_gained
11	47362722	CG	C	MYBPC3:4607	SO:0001589|frameshift_variant	Pathogenic	frameshift_variant
11	47362746	AG	A	MYBPC3:4607	SO:0001589|frameshift_variant	Pathogenic	frameshift_variant
11	47362747	G	GT	MYBPC3:4607	SO:0001589|frameshift_variant	Pathogenic	frameshift_variant
11	47362755	C	A	MYBPC3:4607	SO:0001587|nonsense	Pathogenic	stop_gained
11	47362763	GGT	G	MYBPC3:4607	SO:0001589|frameshift_variant	Pathogenic	frameshift_variant
11	47362785	GT	G	MYBPC3:4607	.	Pathogenic	frameshift_variant
11	47362793	AC	A	MYBPC3:4607	.	Pathogenic	frameshift_variant&splice_region_variant
11	47363541	C	T	MYBPC3:4607	.	Pathogenic	splice_donor_variant
11	47363554	GAC	G	MYBPC3:4607	SO:0001589|frameshift_variant	Pathogenic	frameshift_variant
11	47363576	GC	G	MYBPC3:4607	SO:0001589|frameshift_variant	Pathogenic	frameshift_variant
11	47363597	TC	T	MYBPC3:4607	SO:0001589|frameshift_variant	Pathogenic	frameshift_variant
11	47363601	C	T	MYBPC3:4607	SO:0001587|nonsense	Pathogenic/Likely_pathogenic	stop_gained
11	47363601	CCA	C	MYBPC3:4607	SO:0001589|frameshift_variant	Pathogenic	frameshift_variant
11	47363602	C	T	MYBPC3:4607	SO:0001587|nonsense	Pathogenic	stop_gained
11	47363630	CCT	C	MYBPC3:4607	.	Pathogenic	frameshift_variant
11	47363634	ACATTTGAACACCGC	CTAAACCTCATCCTTCTCATCTCTAAAATGACGATGCTGAGGTGACCGCTCCAGAGGGTACTGAGAGGGTCATACGGGCCTGGTGAGCATCACCACCCCTCAGACACTTGAGGTTCCTTATGTGCACTGCACCATCACAGGCAAACATGGCACACACAGGCACACGTGTTTTCACATGCCCACATGCACCCAGACACGTGCGCACCAGCGCCCATGGGCCCACACGCCCTCCACAGGGATTCACGCCACACCCACACACCCTCCCGAGCTCAATGGCTCTGCCCTGCCCTGCAGAAAAGAAGCTGGAGGTGTACCAGAGCATCGCAGACCTGATGGTGGGCGCAAAGGACCAGCAGCCACAGTAGCTTGGCCTGGGGGAGCAGGGTGCGGGCGGTGGGGTGGCCGGGGCTGAGGGGTGGTGCTCAGCCTTTCAGAAGAAGCTGGAGCCGGCCTACCAGGTGAGCAAAGGCCACAAGATCCGGCTGACCGTGGAACTGGCTGACCATGACGCTGAGGTCAAATGGCTCAAGAATGGCCAGGAGATCCAGATGAGCGGCAGGTGCAGCCTGGGGTGGGGAGGGGGGCTCGGGTGGAGCAGCCACAGTAGCTTGGCCTGGGGGAGCAGGG	MYBPC3:4607	SO:0001587|nonsense	Likely_pathogenic	stop_gained&protein_altering_variant
11	47363639	T	A	MYBPC3:4607	SO:0001587|nonsense	Pathogenic	stop_gained
11	47363653	TC	T	MYBPC3:4607	SO:0001589|frameshift_variant	Pathogenic	frameshift_variant
11	47363688	G	C	MYBPC3:4607	SO:0001587|nonsense	Pathogenic/Likely_pathogenic	stop_gained
11	47363689	TAC	T	MYBPC3:4607	SO:0001589|frameshift_variant	Pathogenic/Likely_pathogenic	frameshift_variant
11	47363691	CACCTCCAG	C	MYBPC3:4607	SO:0001589|frameshift_variant	Pathogenic	frameshift_variant
11	47363703	CT	C	MYBPC3:4607	SO:0001589|frameshift_variant	Pathogenic	frameshift_variant
11	47363708	C	T	MYBPC3:4607	.	Likely_pathogenic	splice_acceptor_variant
11	47364125	T	A	MYBPC3:4607	SO:0001627|intron_variant	Pathogenic	splice_donor_region_variant&intron_variant
11	47364127	A	G	MYBPC3:4607	SO:0001575|splice_donor_variant	Pathogenic/Likely_pathogenic	splice_donor_variant
11	47364128	C	T	MYBPC3:4607	SO:0001575|splice_donor_variant	Pathogenic	splice_donor_variant
11	47364128	C	A	MYBPC3:4607	SO:0001575|splice_donor_variant	Likely_pathogenic	splice_donor_variant
11	47364129	C	G	MYBPC3:4607	SO:0001583|missense_variant	Pathogenic	missense_variant&splice_region_variant
11	47364129	C	A	MYBPC3:4607	SO:0001587|nonsense	Pathogenic	stop_gained&splice_region_variant
11	47364137	A	ATGAGG	MYBPC3:4607	SO:0001589|frameshift_variant	Pathogenic	frameshift_variant
11	47364157	GC	G	MYBPC3:4607	SO:0001589|frameshift_variant	Pathogenic	frameshift_variant
11	47364158	CCCCCGCTAGTGCACAGTGCATAGTG	C	MYBPC3:4607	SO:0001589|frameshift_variant	Pathogenic	frameshift_variant
11	47364162	C	G	MYBPC3:4607	SO:0001583|missense_variant	Likely_pathogenic	missense_variant
11	47364172	C	CAGTG	MYBPC3:4607	SO:0001589|frameshift_variant	Pathogenic	frameshift_variant
11	47364172	CAGTGCAT	C	MYBPC3:4607	SO:0001589|frameshift_variant	Pathogenic/Likely_pathogenic	frameshift_variant
11	47364178	A	C	MYBPC3:4607	SO:0001587|nonsense	Pathogenic/Likely_pathogenic	stop_gained
11	47364178	A	T	MYBPC3:4607	SO:0001587|nonsense	Pathogenic/Likely_pathogenic	stop_gained
11	47364183	GC	G	MYBPC3:4607	SO:0001589|frameshift_variant	Pathogenic	frameshift_variant
11	47364207	C	A	MYBPC3:4607	SO:0001587|nonsense	Pathogenic	stop_gained
11	47364231	G	A	MYBPC3:4607	SO:0001587|nonsense	Pathogenic	stop_gained
11	47364248	C	T	MYBPC3:4607	SO:0001583|missense_variant	Pathogenic/Likely_pathogenic	missense_variant
11	47364248	CG	C	MYBPC3:4607	SO:0001589|frameshift_variant	Pathogenic/Likely_pathogenic	frameshift_variant
11	47364269	C	T	MYBPC3:4607	SO:0001583|missense_variant	Pathogenic/Likely_pathogenic	missense_variant
11	47364270	G	A	MYBPC3:4607	SO:0001583|missense_variant	Pathogenic/Likely_pathogenic	missense_variant
11	47364270	G	C	MYBPC3:4607	SO:0001583|missense_variant	Pathogenic/Likely_pathogenic	missense_variant
11	47364296	C	T	MYBPC3:4607	SO:0001574|splice_acceptor_variant	Pathogenic	splice_acceptor_variant
11	47364296	C	A	MYBPC3:4607	SO:0001574|splice_acceptor_variant	Pathogenic	splice_acceptor_variant
11	47364376	CTCACCATTTGACT	C	MYBPC3:4607	SO:0001575|splice_donor_variant	Likely_pathogenic	splice_donor_variant&splice_donor_region_variant&coding_sequence_variant&intron_variant
11	47364393	G	GC	MYBPC3:4607	.	Pathogenic	frameshift_variant
11	47364397	CC	G	MYBPC3:4607	SO:0001589|frameshift_variant	Pathogenic	frameshift_variant
11	47364415	AC	A	MYBPC3:4607	SO:0001589|frameshift_variant	Pathogenic	frameshift_variant
11	47364418	C	A	MYBPC3:4607	SO:0001587|nonsense	Pathogenic	stop_gained
11	47364433	GC	G	MYBPC3:4607	.	Pathogenic/Likely_pathogenic	frameshift_variant
11	47364444	A	AC	MYBPC3:4607	SO:0001589|frameshift_variant	Likely_pathogenic	frameshift_variant
11	47364453	T	TCC	MYBPC3:4607	SO:0001589|frameshift_variant	Likely_pathogenic	frameshift_variant
11	47364460	AG	A	MYBPC3:4607	SO:0001589|frameshift_variant	Pathogenic	frameshift_variant
11	47364463	GGCGCGTGATGA	G	MYBPC3:4607	SO:0001589|frameshift_variant	Pathogenic	frameshift_variant
11	47364478	CA	C	MYBPC3:4607	SO:0001589|frameshift_variant	Pathogenic	frameshift_variant
11	47364479	AGG	A	MYBPC3:4607	SO:0001589|frameshift_variant	Pathogenic	frameshift_variant
11	47364482	GGGCTCT	G	MYBPC3:4607	SO:0001574|splice_acceptor_variant	Likely_pathogenic	splice_acceptor_variant&coding_sequence_variant
11	47364484	GC	G	MYBPC3:4607	SO:0001589|frameshift_variant	Pathogenic	frameshift_variant&splice_region_variant
11	47364570	A	G	MYBPC3:4607	SO:0001575|splice_donor_variant	Pathogenic/Likely_pathogenic	splice_donor_variant
11	47364571	C	T	MYBPC3:4607	SO:0001575|splice_donor_variant	Pathogenic/Likely_pathogenic	splice_donor_variant
11	47364572	C	G	MYBPC3:4607	SO:0001583|missense_variant	Pathogenic	missense_variant&splice_region_variant
11	47364580	A	G	MYBPC3:4607	SO:0001583|missense_variant	Likely_pathogenic	missense_variant
11	47364592	CT	C	MYBPC3:4607	SO:0001589|frameshift_variant	Pathogenic	frameshift_variant
11	47364594	ACACTTCTCGC	A	MYBPC3:4607	SO:0001589|frameshift_variant	Pathogenic	frameshift_variant
11	47364612	CA	C	MYBPC3:4607	SO:0001589|frameshift_variant	Pathogenic	frameshift_variant
11	47364621	G	T	MYBPC3:4607	SO:0001587|nonsense	Pathogenic	stop_gained
11	47364640	AATGAGCACTGGCTG	A	MYBPC3:4607	SO:0001589|frameshift_variant	Pathogenic	frameshift_variant
11	47364645	G	T	MYBPC3:4607	SO:0001587|nonsense	Pathogenic	stop_gained
11	47364650	G	A	MYBPC3:4607	SO:0001587|nonsense	Pathogenic	stop_gained
11	47364686	C	CA	MYBPC3:4607	SO:0001587|nonsense	Pathogenic	frameshift_variant
11	47364686	CAA	C	MYBPC3:4607	.	Pathogenic	frameshift_variant
11	47364697	C	A	MYBPC3:4607	.	Likely_pathogenic	splice_acceptor_variant
11	47364697	C	G	MYBPC3:4607	SO:0001574|splice_acceptor_variant	Pathogenic	splice_acceptor_variant
11	47364698	T	C	MYBPC3:4607	SO:0001574|splice_acceptor_variant	Pathogenic/Likely_pathogenic	splice_acceptor_variant
11	47364805	ACTTACTTGCTGTAGAACAGAAGGGGCCGTTGAAGTGTTCCCGACGGGAGGAAGTGAGCCCGAGACAAAAGGAGAGAGAGAGAGGGACCGGCAGGAGCAAAAGGATGGGAAATTAGGCCCAGAGAGATGGGGCTGAGAGCCACACCGAGTCAGAGATACGCATGTGGAGAGGGGCAGGAGGCAAGGCTATGGGGGTCCCCACCTCCACCCGAGCCCCCCTCCCCACCCCAGGCTGCACCTGCCGCTCATCTGGATCTCCTGGCCATTCTTGAGCCATTTGACCTCAGCGTCATGGTCAGCCAGTTCCACGGTCAGCCGGATCTTGTGGC	T	MYBPC3:4607	SO:0001574|splice_acceptor_variant,SO:0001575|splice_donor_variant	Likely_pathogenic	splice_donor_variant&splice_acceptor_variant&splice_donor_5th_base_variant&splice_polypyrimidine_tract_variant&coding_sequence_variant&intron_variant
11	47364815	T	C	MYBPC3:4607	SO:0001574|splice_acceptor_variant	Pathogenic	splice_acceptor_variant
11	47364832	C	T	MYBPC3:4607	SO:0001627|intron_variant	Likely_pathogenic	intron_variant
11	47364865	C	T	MYBPC3:4607	SO:0001627|intron_variant	Pathogenic/Likely_pathogenic	intron_variant
11	47364893	C	T	MYBPC3:4607	SO:0001627|intron_variant	Likely_pathogenic	intron_variant
11	47365041	A	C	MYBPC3:4607	.	Pathogenic/Likely_pathogenic	splice_donor_variant
11	47365041	A	G	MYBPC3:4607	SO:0001575|splice_donor_variant	Likely_pathogenic	splice_donor_variant
11	47365042	C	T	MYBPC3:4607	.	Pathogenic/Likely_pathogenic	splice_donor_variant
11	47365042	C	A	MYBPC3:4607	SO:0001575|splice_donor_variant	Pathogenic/Likely_pathogenic	splice_donor_variant
11	47365056	G	A	MYBPC3:4607	SO:0001587|nonsense	Pathogenic	stop_gained
11	47365071	TC	T	MYBPC3:4607	SO:0001589|frameshift_variant	Pathogenic	frameshift_variant
11	47365078	C	T	MYBPC3:4607	SO:0001587|nonsense	Pathogenic	stop_gained
11	47365083	T	A	MYBPC3:4607	SO:0001587|nonsense	Pathogenic	stop_gained
11	47365091	GC	G	MYBPC3:4607	SO:0001589|frameshift_variant	Pathogenic	frameshift_variant
11	47365097	TG	T	MYBPC3:4607	SO:0001589|frameshift_variant	Pathogenic/Likely_pathogenic	frameshift_variant
11	47365097	TGGTCAGCCAGTTCCAC	T	MYBPC3:4607	SO:0001589|frameshift_variant	Pathogenic/Likely_pathogenic	frameshift_variant
11	47365103	G	GC	MYBPC3:4607	SO:0001589|frameshift_variant	Pathogenic/Likely_pathogenic	frameshift_variant
11	47365110	C	A	MYBPC3:4607	SO:0001587|nonsense	Pathogenic	stop_gained
11	47365137	TG	T	MYBPC3:4607	SO:0001589|frameshift_variant	Pathogenic	frameshift_variant
11	47365146	G	A	MYBPC3:4607	SO:0001587|nonsense	Pathogenic	stop_gained
11	47365147	G	C	MYBPC3:4607	SO:0001587|nonsense	Pathogenic	stop_gained
11	47365177	T	C	MYBPC3:4607	SO:0001574|splice_acceptor_variant	Likely_pathogenic	splice_acceptor_variant
11	47367305	G	A	MYBPC3:4607	SO:0001627|intron_variant	Likely_pathogenic	intron_variant
11	47367757	C	T	MYBPC3:4607	SO:0001575|splice_donor_variant	Pathogenic	splice_donor_variant
11	47367757	C	A	MYBPC3:4607	SO:0001575|splice_donor_variant	Pathogenic	splice_donor_variant
11	47367758	C	T	MYBPC3:4607	SO:0001583|missense_variant	Pathogenic/Likely_pathogenic	missense_variant&splice_region_variant
11	47367763	C	CT	MYBPC3:4607	SO:0001589|frameshift_variant	Pathogenic	frameshift_variant
11	47367773	C	A	MYBPC3:4607	SO:0001587|nonsense	Pathogenic	stop_gained
11	47367793	AGCCTCTTTAGCATGCCGCGCAGGTCAGTGACGCCGTACTGGAAGGCGATGCGCTCGTACTCAGATGGGGGT	A	MYBPC3:4607	.	Pathogenic	frameshift_variant
11	47367798	CTT	C	MYBPC3:4607	SO:0001589|frameshift_variant	Pathogenic	frameshift_variant
11	47367805	A	ATGCCG	MYBPC3:4607	.	Pathogenic	frameshift_variant
11	47367819	AG	A	MYBPC3:4607	SO:0001589|frameshift_variant	Pathogenic	frameshift_variant
11	47367833	G	A	MYBPC3:4607	SO:0001587|nonsense	Pathogenic	stop_gained
11	47367848	C	A	MYBPC3:4607	SO:0001587|nonsense	Pathogenic	stop_gained
11	47367849	G	C	MYBPC3:4607	SO:0001587|nonsense	Pathogenic	stop_gained
11	47367849	G	T	MYBPC3:4607	SO:0001587|nonsense	Pathogenic	stop_gained
11	47367854	C	CA	MYBPC3:4607	.	Pathogenic	frameshift_variant
11	47367869	G	A	MYBPC3:4607	SO:0001587|nonsense	Pathogenic	stop_gained
11	47367882	C	T	MYBPC3:4607	SO:0001587|nonsense	Pathogenic	stop_gained
11	47367883	C	T	MYBPC3:4607	SO:0001587|nonsense	Pathogenic	stop_gained
11	47367916	G	T	MYBPC3:4607	SO:0001587|nonsense	Pathogenic	stop_gained
11	47367919	TCC	T	MYBPC3:4607	.	Likely_pathogenic	frameshift_variant&splice_region_variant
11	47367922	C	G	MYBPC3:4607	SO:0001574|splice_acceptor_variant	Likely_pathogenic	splice_acceptor_variant
11	47367923	T	C	MYBPC3:4607	SO:0001574|splice_acceptor_variant	Pathogenic	splice_acceptor_variant
11	47367930	C	T	MYBPC3:4607	SO:0001627|intron_variant	Pathogenic	splice_polypyrimidine_tract_variant&intron_variant
11	47367931	G	T	MYBPC3:4607	SO:0001627|intron_variant	Likely_pathogenic	splice_polypyrimidine_tract_variant&intron_variant
11	47368176	A	G	MYBPC3:4607	SO:0001575|splice_donor_variant	Likely_pathogenic	splice_donor_variant
11	47368180	C	CAGTT	MYBPC3:4607	SO:0001589|frameshift_variant	Pathogenic	frameshift_variant
11	47368189	GAA	G	MYBPC3:4607	.	Pathogenic/Likely_pathogenic	frameshift_variant
11	47368581	C	T	MYBPC3:4607	.	Pathogenic	splice_acceptor_variant
11	47368581	C	G	MYBPC3:4607	.	Pathogenic	splice_acceptor_variant
11	47368616	C	T	MYBPC3:4607	.	Pathogenic/Likely_pathogenic	intron_variant
11	47368976	C	A	MYBPC3:4607	.	Likely_pathogenic	splice_donor_variant
11	47368981	T	A	MYBPC3:4607	SO:0001587|nonsense	Pathogenic/Likely_pathogenic	stop_gained
11	47368990	GTGAGC	G	MYBPC3:4607	SO:0001589|frameshift_variant	Pathogenic	frameshift_variant
11	47368992	G	C	MYBPC3:4607	SO:0001587|nonsense	Pathogenic	stop_gained
11	47369032	T	C	MYBPC3:4607	.	Pathogenic/Likely_pathogenic	splice_acceptor_variant
11	47369219	TC	T	MYBPC3:4607	.	Pathogenic/Likely_pathogenic	frameshift_variant
11	47369406	A	G	MYBPC3:4607	SO:0001575|splice_donor_variant	Pathogenic	splice_donor_variant
11	47369406	A	T	MYBPC3:4607	.	Pathogenic	splice_donor_variant
11	47369407	C	T	MYBPC3:4607	SO:0001575|splice_donor_variant	Pathogenic	splice_donor_variant
11	47369407	C	G	MYBPC3:4607	SO:0001575|splice_donor_variant	Pathogenic	splice_donor_variant
11	47369407	C	A	MYBPC3:4607	SO:0001575|splice_donor_variant	Pathogenic	splice_donor_variant
11	47369442	C	A	MYBPC3:4607	SO:0001587|nonsense	Pathogenic	stop_gained
11	47369458	T	A	MYBPC3:4607	SO:0001574|splice_acceptor_variant	Likely_pathogenic	splice_acceptor_variant
11	47369974	C	T	MYBPC3:4607	SO:0001575|splice_donor_variant	Pathogenic	splice_donor_variant
11	47369975	C	T	MYBPC3:4607	SO:0001583|missense_variant	Pathogenic/Likely_pathogenic	missense_variant&splice_region_variant
11	47370000	G	T	MYBPC3:4607	SO:0001587|nonsense	Pathogenic/Likely_pathogenic	stop_gained
11	47370022	GACACCTC	G	MYBPC3:4607	SO:0001589|frameshift_variant	Pathogenic	frameshift_variant
11	47370036	G	T	MYBPC3:4607	SO:0001587|nonsense	Pathogenic	stop_gained
11	47370037	T	G	MYBPC3:4607	SO:0001583|missense_variant	Pathogenic/Likely_pathogenic	missense_variant
11	47370045	A	AGTGAAGGCAGGCTGGGCATCGGTGAT	MYBPC3:4607	.	Pathogenic	frameshift_variant
11	47370065	CG	C	MYBPC3:4607	SO:0001589|frameshift_variant	Pathogenic	frameshift_variant
11	47370090	G	GA	MYBPC3:4607	SO:0001589|frameshift_variant	Likely_pathogenic	frameshift_variant&splice_region_variant
11	47370092	C	G	MYBPC3:4607	SO:0001583|missense_variant	Pathogenic/Likely_pathogenic	missense_variant&splice_region_variant
11	47370093	C	T	MYBPC3:4607	SO:0001574|splice_acceptor_variant	Pathogenic	splice_acceptor_variant
11	47371323	A	G	MYBPC3:4607	SO:0001575|splice_donor_variant	Likely_pathogenic	splice_donor_variant
11	47371341	TAGCTGTCGTGC	T	MYBPC3:4607	SO:0001589|frameshift_variant	Pathogenic	frameshift_variant
11	47371357	G	A	MYBPC3:4607	SO:0001587|nonsense	Likely_pathogenic	stop_gained
11	47371366	G	A	MYBPC3:4607	SO:0001587|nonsense	Pathogenic	stop_gained
11	47371409	CTT	C	MYBPC3:4607	SO:0001589|frameshift_variant	Pathogenic	frameshift_variant
11	47371413	AC	A	MYBPC3:4607	SO:0001589|frameshift_variant	Pathogenic	frameshift_variant
11	47371418	AGGCGGCTTCAGGAGGCTGGC	A	MYBPC3:4607	.	Pathogenic	frameshift_variant
11	47371424	CT	C	MYBPC3:4607	SO:0001589|frameshift_variant	Pathogenic	frameshift_variant
11	47371426	T	A	MYBPC3:4607	SO:0001587|nonsense	Pathogenic/Likely_pathogenic	stop_gained
11	47371427	C	CA	MYBPC3:4607	.	Pathogenic	frameshift_variant
11	47371438	CGCCG	C	MYBPC3:4607	SO:0001589|frameshift_variant	Pathogenic	frameshift_variant
11	47371445	CA	C	MYBPC3:4607	SO:0001589|frameshift_variant	Pathogenic	frameshift_variant
11	47371464	A	AT	MYBPC3:4607	SO:0001589|frameshift_variant	Pathogenic	frameshift_variant
11	47371472	A	ACCTG	MYBPC3:4607	SO:0001574|splice_acceptor_variant	Pathogenic	frameshift_variant&splice_region_variant
11	47371474	C	A	MYBPC3:4607	SO:0001574|splice_acceptor_variant	Pathogenic	splice_acceptor_variant
11	47371474	C	T	MYBPC3:4607	.	Pathogenic	splice_acceptor_variant
11	47371475	T	G	MYBPC3:4607	SO:0001574|splice_acceptor_variant	Pathogenic	splice_acceptor_variant
11	47371560	C	G	MYBPC3:4607	SO:0001627|intron_variant	Likely_pathogenic	splice_donor_5th_base_variant&intron_variant
11	47371564	C	T	MYBPC3:4607	.	Pathogenic/Likely_pathogenic	splice_donor_variant
11	47371586	G	A	MYBPC3:4607	SO:0001587|nonsense	Pathogenic	stop_gained
11	47371603	A	AG	MYBPC3:4607	.	Pathogenic	frameshift_variant
11	47371610	TG	T	MYBPC3:4607	SO:0001589|frameshift_variant	Pathogenic	frameshift_variant
11	47371616	CA	C	MYBPC3:4607	SO:0001589|frameshift_variant	Pathogenic	frameshift_variant
11	47371619	CG	C	MYBPC3:4607	SO:0001589|frameshift_variant	Pathogenic/Likely_pathogenic	frameshift_variant
11	47371627	CCA	C	MYBPC3:4607	SO:0001589|frameshift_variant	Likely_pathogenic	frameshift_variant
11	47371629	AG	A	MYBPC3:4607	SO:0001589|frameshift_variant	Pathogenic	frameshift_variant
11	47371633	G	GT	MYBPC3:4607	.	Pathogenic	frameshift_variant
11	47371637	GAC	G	MYBPC3:4607	SO:0001589|frameshift_variant	Pathogenic	frameshift_variant
11	47371654	G	C	MYBPC3:4607	SO:0001587|nonsense	Pathogenic	stop_gained
11	47371661	AC	A	MYBPC3:4607	.	Pathogenic	frameshift_variant&splice_region_variant
11	47371664	C	T	MYBPC3:4607	SO:0001574|splice_acceptor_variant	Likely_pathogenic	splice_acceptor_variant
11	47372052	C	T	MYBPC3:4607	SO:0001575|splice_donor_variant	Likely_pathogenic	splice_donor_variant
11	47372053	CT	C	MYBPC3:4607	SO:0001589|frameshift_variant	Pathogenic	frameshift_variant&splice_region_variant
11	47372056	T	A	MYBPC3:4607	SO:0001587|nonsense	Pathogenic	stop_gained
11	47372084	AGC	A	MYBPC3:4607	SO:0001587|nonsense	Pathogenic/Likely_pathogenic	frameshift_variant
11	47372096	CG	C	MYBPC3:4607	SO:0001589|frameshift_variant	Pathogenic	frameshift_variant
11	47372101	CT	C	MYBPC3:4607	SO:0001589|frameshift_variant	Pathogenic/Likely_pathogenic	frameshift_variant
11	47372108	AG	A	MYBPC3:4607	SO:0001589|frameshift_variant	Pathogenic	frameshift_variant
11	47372115	CCA	C	MYBPC3:4607	SO:0001589|frameshift_variant	Likely_pathogenic	frameshift_variant
11	47372137	G	GGGCAGGGGCCAGC	MYBPC3:4607	SO:0001589|frameshift_variant	Pathogenic	frameshift_variant
11	47372140	CA	C	MYBPC3:4607	SO:0001589|frameshift_variant	Pathogenic	frameshift_variant
11	47372141	AG	A	MYBPC3:4607	SO:0001589|frameshift_variant	Pathogenic	frameshift_variant
11	47372145	GC	G	MYBPC3:4607	SO:0001589|frameshift_variant	Pathogenic	frameshift_variant
11	47372148	AG	A	MYBPC3:4607	SO:0001589|frameshift_variant	Pathogenic	frameshift_variant
11	47372150	C	CATGG	MYBPC3:4607	SO:0001589|frameshift_variant	Pathogenic	frameshift_variant
11	47372150	CATGGGCTCTG	C	MYBPC3:4607	.	Pathogenic/Likely_pathogenic	frameshift_variant
11	47372788	AC	A	MYBPC3:4607	SO:0001575|splice_donor_variant	Likely_pathogenic	splice_donor_variant
11	47372789	C	T	MYBPC3:4607	SO:0001575|splice_donor_variant	Likely_pathogenic	splice_donor_variant
11	47372790	C	A	MYBPC3:4607	SO:0001587|nonsense	Pathogenic	stop_gained&splice_region_variant
11	47372823	TGG	CCTCC	MYBPC3:4607	.	Pathogenic	frameshift_variant
11	47372844	CG	C	MYBPC3:4607	SO:0001587|nonsense	Pathogenic	frameshift_variant
11	47372845	G	T	MYBPC3:4607	SO:0001587|nonsense	Pathogenic	stop_gained
11	47372845	G	C	MYBPC3:4607	SO:0001587|nonsense	Pathogenic	stop_gained
11	47372853	C	A	MYBPC3:4607	SO:0001587|nonsense	Likely_pathogenic	stop_gained
11	47372861	G	AA	MYBPC3:4607	.	Pathogenic/Likely_pathogenic	frameshift_variant
11	47372866	G	GCC	MYBPC3:4607	SO:0001589|frameshift_variant	Pathogenic	frameshift_variant
11	47372894	CGTGTGCCCTCT	C	MYBPC3:4607	.	Pathogenic/Likely_pathogenic	frameshift_variant
11	47372899	GC	G	MYBPC3:4607	SO:0001589|frameshift_variant	Pathogenic	frameshift_variant
11	47372904	C	A	MYBPC3:4607	SO:0001587|nonsense	Pathogenic	stop_gained
11	47372919	AC	A	MYBPC3:4607	SO:0001589|frameshift_variant	Pathogenic	frameshift_variant
11	47372932	GCTGAT	CTCATCA	MYBPC3:4607	.	Likely_pathogenic	stop_gained&frameshift_variant
11	47372966	TTCAC	T	MYBPC3:4607	SO:0001589|frameshift_variant	Pathogenic	frameshift_variant
11	47372982	CTG	C	MYBPC3:4607	SO:0001589|frameshift_variant	Pathogenic/Likely_pathogenic	frameshift_variant
11	47373016	G	GC	MYBPC3:4607	SO:0001589|frameshift_variant	Pathogenic	frameshift_variant
11	47373030	A	AC	MYBPC3:4607	SO:0001589|frameshift_variant	Likely_pathogenic	frameshift_variant
11	47373058	T	C	MYBPC3:4607	SO:0001574|splice_acceptor_variant	Pathogenic	splice_acceptor_variant
11	47374173	C	T	MYBPC3:4607	SO:0001575|splice_donor_variant	Pathogenic	splice_donor_variant
12	2675632	G	A	CACNA1C:775	SO:0001583|missense_variant	Pathogenic/Likely_pathogenic	missense_variant
12	111348897	C	T	MYL2:4633	SO:0001583|missense_variant	Pathogenic	missense_variant
12	111352025	G	T	MYL2:4633	SO:0001583|missense_variant	Pathogenic/Likely_pathogenic	missense_variant
12	111352091	C	T	MYL2:4633	SO:0001583|missense_variant	Pathogenic/Likely_pathogenic	missense_variant
12	111353546	CG	C	MYL2:4633	SO:0001589|frameshift_variant	Likely_pathogenic	frameshift_variant
12	111356937	C	T	MYL2:4633|LOC114827850:114827850	SO:0001583|missense_variant	Pathogenic/Likely_pathogenic	missense_variant
12	112891083	G	C	PTPN11:5781	SO:0001583|missense_variant	Pathogenic	missense_variant
12	112926270	C	T	PTPN11:5781	SO:0001583|missense_variant	Pathogenic	missense_variant
14	23862178	T	TG	MYH6:4624	SO:0001589|frameshift_variant	Pathogenic	frameshift_variant
14	23883215	C	A	MYH7:4625	SO:0001575|splice_donor_variant	Likely_pathogenic	splice_donor_variant
14	23883277	T	G	MYH7:4625	SO:0001583|missense_variant	Likely_pathogenic	missense_variant
14	23884349	A	G	MYH7:4625	SO:0001583|missense_variant	Likely_pathogenic	missense_variant
14	23884362	C	T	MYH7:4625	SO:0001583|missense_variant	Likely_pathogenic	missense_variant
14	23884383	G	T	MYH7:4625	SO:0001583|missense_variant	Likely_pathogenic	missense_variant
14	23884385	A	G	MYH7:4625	SO:0001583|missense_variant	Pathogenic/Likely_pathogenic	missense_variant
14	23884594	G	C	MYH7:4625	SO:0001583|missense_variant	Likely_pathogenic	missense_variant
14	23884619	C	T	MYH7:4625	SO:0001583|missense_variant	Pathogenic/Likely_pathogenic	missense_variant
14	23884860	C	T	MYH7:4625|MHRT:104564225	SO:0001583|missense_variant,SO:0001619|non-coding_transcript_variant	Pathogenic	missense_variant
14	23884861	G	A	MYH7:4625|MHRT:104564225	SO:0001583|missense_variant,SO:0001619|non-coding_transcript_variant	Likely_pathogenic	missense_variant
14	23885313	ATCT	A	MYH7:4625|MHRT:104564225	SO:0001619|non-coding_transcript_variant,SO:0001822|inframe_deletion	Pathogenic/Likely_pathogenic	inframe_deletion
14	23885359	C	G	MYH7:4625|MHRT:104564225	SO:0001583|missense_variant,SO:0001619|non-coding_transcript_variant	Likely_pathogenic	missense_variant
14	23885373	T	G	MYH7:4625|MHRT:104564225	SO:0001583|missense_variant,SO:0001619|non-coding_transcript_variant	Likely_pathogenic	missense_variant
14	23885376	A	G	MYH7:4625|MHRT:104564225	SO:0001583|missense_variant,SO:0001619|non-coding_transcript_variant	Pathogenic	missense_variant
14	23885419	TCTC	T	MYH7:4625|MHRT:104564225	SO:0001619|non-coding_transcript_variant,SO:0001822|inframe_deletion	Likely_pathogenic	inframe_deletion
14	23885518	A	G	MYH7:4625|MHRT:104564225	SO:0001583|missense_variant	Likely_pathogenic	missense_variant
14	23886196	TCTC	T	MYH7:4625|MHRT:104564225	SO:0001619|non-coding_transcript_variant	Pathogenic	inframe_deletion&splice_region_variant
14	23886382	C	G	MYH7:4625|MHRT:104564225	SO:0001583|missense_variant	Pathogenic	missense_variant
14	23886383	G	A	MYH7:4625|MHRT:104564225	SO:0001583|missense_variant	Pathogenic/Likely_pathogenic	missense_variant
14	23886764	C	G	MYH7:4625|MHRT:104564225	SO:0001583|missense_variant,SO:0001619|non-coding_transcript_variant	Likely_pathogenic	missense_variant
14	23886807	G	A	MYH7:4625	SO:0001583|missense_variant	Likely_pathogenic	missense_variant
14	23887453	C	T	MYH7:4625	SO:0001583|missense_variant	Pathogenic/Likely_pathogenic	missense_variant
14	23887458	G	A	MYH7:4625	SO:0001583|missense_variant	Pathogenic	missense_variant
14	23887522	C	T	MYH7:4625	SO:0001583|missense_variant	Pathogenic	missense_variant
14	23889202	C	T	MYH7:4625	SO:0001583|missense_variant	Likely_pathogenic	missense_variant
14	23889409	G	GCCTCCAGCTCCT	MYH7:4625	SO:0001821|inframe_insertion	Likely_pathogenic	inframe_insertion
14	23889422	C	T	MYH7:4625	SO:0001583|missense_variant	Likely_pathogenic	missense_variant
14	23891465	C	T	MYH7:4625	SO:0001583|missense_variant	Likely_pathogenic	missense_variant
14	23891476	C	T	MYH7:4625	SO:0001583|missense_variant	Pathogenic	missense_variant
14	23891500	C	A	MYH7:4625	SO:0001583|missense_variant	Likely_pathogenic	missense_variant
14	23893145	C	T	MYH7:4625	SO:0001583|missense_variant	Likely_pathogenic	missense_variant
14	23893193	C	T	MYH7:4625	SO:0001583|missense_variant	Likely_pathogenic	missense_variant
14	23893244	TCTC	T	MYH7:4625	SO:0001822|inframe_deletion	Likely_pathogenic	inframe_deletion
14	23893250	C	G	MYH7:4625	SO:0001583|missense_variant	Pathogenic/Likely_pathogenic	missense_variant
14	23893250	C	T	MYH7:4625	SO:0001583|missense_variant	Pathogenic/Likely_pathogenic	missense_variant
14	23893256	C	T	MYH7:4625	SO:0001583|missense_variant	Pathogenic/Likely_pathogenic	missense_variant
14	23893259	C	T	MYH7:4625	SO:0001583|missense_variant	Pathogenic/Likely_pathogenic	missense_variant
14	23893267	T	C	MYH7:4625	SO:0001583|missense_variant	Likely_pathogenic	missense_variant
14	23893268	C	T	MYH7:4625	SO:0001583|missense_variant	Pathogenic/Likely_pathogenic	missense_variant
14	23893277	C	T	MYH7:4625	SO:0001583|missense_variant	Likely_pathogenic	missense_variant
14	23893294	A	G	MYH7:4625	SO:0001583|missense_variant	Likely_pathogenic	missense_variant
14	23893316	G	C	MYH7:4625	SO:0001583|missense_variant	Pathogenic	missense_variant
14	23893321	T	C	MYH7:4625	SO:0001583|missense_variant	Pathogenic	missense_variant
14	23893324	C	T	MYH7:4625	SO:0001583|missense_variant	Likely_pathogenic	missense_variant
14	23893327	C	T	MYH7:4625	SO:0001583|missense_variant	Pathogenic	missense_variant
14	23893328	G	A	MYH7:4625	SO:0001583|missense_variant	Pathogenic	missense_variant
14	23893352	C	T	MYH7:4625	SO:0001583|missense_variant	Likely_pathogenic	missense_variant
14	23893357	T	C	MYH7:4625	SO:0001583|missense_variant	Pathogenic	missense_variant&splice_region_variant
14	23894000	TCATTCTTCTCCTGCAGCAGGGACACCATCTTCTCCTCCAGCTCCTTGCGGCGAGCCTCGGACTTCTCTAGCGCCTCTTTGAGGCGTGTGAACTC	T	MYH7:4625	SO:0001589|frameshift_variant	Likely_pathogenic	frameshift_variant
14	23894013	G	C	MYH7:4625	SO:0001583|missense_variant	Pathogenic/Likely_pathogenic	missense_variant
14	23894024	A	G	MYH7:4625	SO:0001583|missense_variant	Likely_pathogenic	missense_variant
14	23894026	C	A	MYH7:4625	SO:0001583|missense_variant	Likely_pathogenic	missense_variant
14	23894026	C	T	MYH7:4625	SO:0001583|missense_variant	Likely_pathogenic	missense_variant
14	23894027	A	T	MYH7:4625	SO:0001583|missense_variant	Likely_pathogenic	missense_variant
14	23894048	C	T	MYH7:4625	SO:0001583|missense_variant	Pathogenic	missense_variant
14	23894049	G	A	MYH7:4625	SO:0001583|missense_variant	Likely_pathogenic	missense_variant
14	23894051	C	T	MYH7:4625	SO:0001583|missense_variant	Likely_pathogenic	missense_variant
14	23894055	C	G	MYH7:4625	SO:0001583|missense_variant	Likely_pathogenic	missense_variant
14	23894063	T	A	MYH7:4625	SO:0001583|missense_variant	Likely_pathogenic	missense_variant
14	23894063	T	C	MYH7:4625	SO:0001583|missense_variant	Pathogenic	missense_variant
14	23894064	T	C	MYH7:4625	SO:0001583|missense_variant	Likely_pathogenic	missense_variant
14	23894081	A	G	MYH7:4625	SO:0001583|missense_variant	Likely_pathogenic	missense_variant
14	23894084	C	G	MYH7:4625	SO:0001583|missense_variant	Likely_pathogenic	missense_variant
14	23894085	G	A	MYH7:4625	SO:0001583|missense_variant	Pathogenic/Likely_pathogenic	missense_variant
14	23894102	A	G	MYH7:4625	SO:0001583|missense_variant	Pathogenic/Likely_pathogenic	missense_variant
14	23894102	A	C	MYH7:4625	SO:0001583|missense_variant	Likely_pathogenic	missense_variant
14	23894111	A	G	MYH7:4625	SO:0001583|missense_variant	Likely_pathogenic	missense_variant
14	23894112	TCTC	T	MYH7:4625	SO:0001822|inframe_deletion	Likely_pathogenic	inframe_deletion
14	23894114	T	C	MYH7:4625	SO:0001583|missense_variant	Pathogenic/Likely_pathogenic	missense_variant
14	23894115	CCTT	C	MYH7:4625	SO:0001822|inframe_deletion	Likely_pathogenic	inframe_deletion
14	23894118	T	C	MYH7:4625	SO:0001583|missense_variant	Pathogenic	missense_variant
14	23894121	C	T	MYH7:4625	SO:0001583|missense_variant	Likely_pathogenic	missense_variant
14	23894130	C	T	MYH7:4625	SO:0001583|missense_variant	Likely_pathogenic	missense_variant
14	23894133	T	C	MYH7:4625	SO:0001583|missense_variant	Likely_pathogenic	missense_variant
14	23894144	G	T	MYH7:4625	SO:0001583|missense_variant	Likely_pathogenic	missense_variant
14	23894144	G	A	MYH7:4625	SO:0001583|missense_variant	Pathogenic	missense_variant
14	23894147	T	C	MYH7:4625	SO:0001583|missense_variant	Likely_pathogenic	missense_variant
14	23894155	G	C	MYH7:4625	SO:0001583|missense_variant	Likely_pathogenic	missense_variant
14	23894190	C	G	MYH7:4625	SO:0001583|missense_variant	Pathogenic	missense_variant
14	23894193	T	C	MYH7:4625	SO:0001583|missense_variant	Pathogenic	missense_variant
14	23894198	G	T	MYH7:4625	SO:0001583|missense_variant	Pathogenic	missense_variant
14	23894494	C	G	MYH7:4625	SO:0001583|missense_variant	Likely_pathogenic	missense_variant
14	23894503	A	G	MYH7:4625	SO:0001583|missense_variant	Pathogenic	missense_variant
14	23894525	C	T	MYH7:4625	SO:0001583|missense_variant	Pathogenic/Likely_pathogenic	missense_variant
14	23894525	C	G	MYH7:4625	SO:0001583|missense_variant	Likely_pathogenic	missense_variant
14	23894566	C	G	MYH7:4625	SO:0001583|missense_variant	Likely_pathogenic	missense_variant
14	23894569	C	T	MYH7:4625	SO:0001583|missense_variant	Likely_pathogenic	missense_variant
14	23894580	G	T	MYH7:4625	SO:0001583|missense_variant	Pathogenic	missense_variant
14	23894580	G	C	MYH7:4625	SO:0001583|missense_variant	Pathogenic/Likely_pathogenic	missense_variant
14	23894581	T	A	MYH7:4625	SO:0001583|missense_variant	Pathogenic	missense_variant
14	23894612	C	G	MYH7:4625	SO:0001583|missense_variant	Pathogenic	missense_variant
14	23894612	C	T	MYH7:4625	SO:0001583|missense_variant	Pathogenic/Likely_pathogenic	missense_variant
14	23894622	G	C	MYH7:4625	SO:0001583|missense_variant	Pathogenic	missense_variant
14	23894623	A	T	MYH7:4625	SO:0001583|missense_variant	Likely_pathogenic	missense_variant
14	23894968	C	T	MYH7:4625	SO:0001583|missense_variant	Pathogenic/Likely_pathogenic	missense_variant
14	23894969	C	T	MYH7:4625	SO:0001583|missense_variant	Pathogenic/Likely_pathogenic	missense_variant
14	23894969	C	A	MYH7:4625	SO:0001583|missense_variant	Pathogenic	missense_variant
14	23894969	C	G	MYH7:4625	SO:0001583|missense_variant	Pathogenic	missense_variant
14	23894983	A	G	MYH7:4625	SO:0001583|missense_variant	Pathogenic	missense_variant
14	23894989	T	G	MYH7:4625	SO:0001583|missense_variant	Likely_pathogenic	missense_variant
14	23894990	G	C	MYH7:4625	SO:0001583|missense_variant	Likely_pathogenic	missense_variant
14	23894999	G	A	MYH7:4625	SO:0001583|missense_variant	Pathogenic/Likely_pathogenic	missense_variant
14	23895001	A	G	MYH7:4625	SO:0001583|missense_variant	Likely_pathogenic	missense_variant
14	23895001	A	T	MYH7:4625	SO:0001583|missense_variant	Likely_pathogenic	missense_variant
14	23895023	G	A	MYH7:4625	SO:0001583|missense_variant	Pathogenic	missense_variant
14	23895023	G	C	MYH7:4625	SO:0001583|missense_variant	Pathogenic	missense_variant
14	23895179	C	T	MYH7:4625	SO:0001583|missense_variant	Pathogenic	missense_variant
14	23895179	C	G	MYH7:4625	SO:0001583|missense_variant	Likely_pathogenic	missense_variant
14	23895180	G	A	MYH7:4625	SO:0001583|missense_variant	Pathogenic	missense_variant
14	23895189	C	T	MYH7:4625	SO:0001583|missense_variant	Pathogenic	missense_variant
14	23895189	C	G	MYH7:4625	SO:0001583|missense_variant	Pathogenic	missense_variant
14	23895200	C	T	MYH7:4625	SO:0001583|missense_variant	Pathogenic	missense_variant
14	23895206	G	T	MYH7:4625	SO:0001583|missense_variant	Likely_pathogenic	missense_variant
14	23895230	A	T	MYH7:4625	SO:0001583|missense_variant	Likely_pathogenic	missense_variant
14	23895254	C	T	MYH7:4625	SO:0001583|missense_variant	Pathogenic/Likely_pathogenic	missense_variant
14	23896042	C	T	MYH7:4625	SO:0001583|missense_variant	Pathogenic	missense_variant
14	23896043	G	A	MYH7:4625	SO:0001583|missense_variant	Pathogenic	missense_variant
14	23896451	T	C	MYH7:4625	SO:0001583|missense_variant	Pathogenic	missense_variant&splice_region_variant
14	23896483	C	G	MYH7:4625	SO:0001583|missense_variant	Likely_pathogenic	missense_variant
14	23896838	T	G	MYH7:4625	SO:0001583|missense_variant	Likely_pathogenic	missense_variant
14	23896856	T	C	MYH7:4625	SO:0001583|missense_variant	Likely_pathogenic	missense_variant
14	23896866	C	T	MYH7:4625	SO:0001583|missense_variant	Pathogenic/Likely_pathogenic	missense_variant
14	23896881	G	A	MYH7:4625	SO:0001583|missense_variant	Pathogenic	missense_variant
14	23896923	C	G	MYH7:4625	SO:0001583|missense_variant	Likely_pathogenic	missense_variant
14	23896932	C	G	MYH7:4625	SO:0001583|missense_variant	Pathogenic	missense_variant
14	23896932	C	T	MYH7:4625	SO:0001583|missense_variant	Pathogenic/Likely_pathogenic	missense_variant
14	23896932	C	A	MYH7:4625	SO:0001583|missense_variant	Likely_pathogenic	missense_variant
14	23896955	T	C	MYH7:4625	SO:0001583|missense_variant	Likely_pathogenic	missense_variant
14	23897064	A	G	MYH7:4625	SO:0001583|missense_variant	Pathogenic/Likely_pathogenic	missense_variant
14	23897067	T	G	MYH7:4625	SO:0001583|missense_variant	Likely_pathogenic	missense_variant
14	23897088	A	G	MYH7:4625	SO:0001583|missense_variant	Pathogenic	missense_variant
14	23897714	C	T	MYH7:4625	SO:0001583|missense_variant	Pathogenic/Likely_pathogenic	missense_variant
14	23897738	G	T	MYH7:4625	SO:0001583|missense_variant	Likely_pathogenic	missense_variant
14	23897739	G	T	MYH7:4625	SO:0001583|missense_variant	Likely_pathogenic	missense_variant
14	23897743	A	G	MYH7:4625	SO:0001583|missense_variant	Likely_pathogenic	missense_variant
14	23897743	A	C	MYH7:4625	SO:0001583|missense_variant	Likely_pathogenic	missense_variant
14	23897756	T	G	MYH7:4625	SO:0001583|missense_variant	Likely_pathogenic	missense_variant
14	23897796	C	A	MYH7:4625	SO:0001583|missense_variant	Pathogenic/Likely_pathogenic	missense_variant
14	23897808	C	G	MYH7:4625	SO:0001583|missense_variant	Likely_pathogenic	missense_variant
14	23897810	T	C	MYH7:4625	SO:0001583|missense_variant	Likely_pathogenic	missense_variant
14	23897851	T	C	MYH7:4625	SO:0001583|missense_variant	Pathogenic/Likely_pathogenic	missense_variant
14	23897861	G	A	MYH7:4625	SO:0001583|missense_variant	Likely_pathogenic	missense_variant
14	23898171	A	T	MYH7:4625	SO:0001583|missense_variant	Pathogenic	missense_variant
14	23898201	A	G	MYH7:4625	SO:0001583|missense_variant	Likely_pathogenic	missense_variant
14	23898213	C	T	MYH7:4625	SO:0001583|missense_variant	Pathogenic	missense_variant
14	23898214	G	A	MYH7:4625	SO:0001583|missense_variant	Pathogenic	missense_variant
14	23898214	G	T	MYH7:4625	SO:0001583|missense_variant	Pathogenic	missense_variant
14	23898246	C	A	MYH7:4625	SO:0001583|missense_variant	Likely_pathogenic	missense_variant
14	23898247	G	A	MYH7:4625	SO:0001583|missense_variant	Pathogenic/Likely_pathogenic	missense_variant
14	23898253	C	T	MYH7:4625	SO:0001583|missense_variant	Likely_pathogenic	missense_variant
14	23898475	C	A	MYH7:4625	SO:0001583|missense_variant	Likely_pathogenic	missense_variant
14	23898487	C	T	MYH7:4625	SO:0001583|missense_variant	Pathogenic	missense_variant
14	23898487	C	A	MYH7:4625	SO:0001583|missense_variant	Pathogenic	missense_variant
14	23898488	G	A	MYH7:4625	SO:0001583|missense_variant	Pathogenic	missense_variant
14	23898488	G	C	MYH7:4625	SO:0001583|missense_variant	Likely_pathogenic	missense_variant
14	23898506	T	C	MYH7:4625	SO:0001583|missense_variant	Likely_pathogenic	missense_variant
14	23898513	G	T	MYH7:4625	SO:0001583|missense_variant	Pathogenic/Likely_pathogenic	missense_variant
14	23898538	T	C	MYH7:4625	SO:0001583|missense_variant	Likely_pathogenic	missense_variant
14	23899016	C	T	MYH7:4625	SO:0001583|missense_variant	Likely_pathogenic	missense_variant
14	23899059	C	T	MYH7:4625	SO:0001583|missense_variant	Pathogenic/Likely_pathogenic	missense_variant
14	23899071	T	C	MYH7:4625	SO:0001583|missense_variant	Pathogenic/Likely_pathogenic	missense_variant
14	23899110	C	T	MYH7:4625	SO:0001583|missense_variant	Likely_pathogenic	missense_variant
14	23899809	A	T	MYH7:4625	SO:0001583|missense_variant	Likely_pathogenic	missense_variant
14	23899816	T	G	MYH7:4625	SO:0001583|missense_variant	Likely_pathogenic	missense_variant
14	23900206	G	C	MYH7:4625	SO:0001583|missense_variant	Likely_pathogenic	missense_variant&splice_region_variant
14	23900635	A	G	MYH7:4625	SO:0001583|missense_variant	Pathogenic	missense_variant
14	23900656	C	T	MYH7:4625	SO:0001583|missense_variant	Pathogenic/Likely_pathogenic	missense_variant
14	23900662	G	T	MYH7:4625	SO:0001583|missense_variant	Pathogenic	missense_variant
14	23900668	A	C	MYH7:4625	SO:0001583|missense_variant	Likely_pathogenic	missense_variant
14	23900677	C	T	MYH7:4625	SO:0001583|missense_variant	Pathogenic/Likely_pathogenic	missense_variant
14	23900677	C	A	MYH7:4625	SO:0001583|missense_variant	Likely_pathogenic	missense_variant
14	23900682	G	T	MYH7:4625	SO:0001583|missense_variant	Likely_pathogenic	missense_variant
14	23900684	A	G	MYH7:4625	SO:0001583|missense_variant	Likely_pathogenic	missense_variant
14	23900792	A	C	MYH7:4625	SO:0001575|splice_donor_variant	Pathogenic	splice_donor_variant
14	23900793	C	A	MYH7:4625	SO:0001575|splice_donor_variant	Pathogenic	splice_donor_variant
14	23900793	C	G	MYH7:4625	SO:0001575|splice_donor_variant	Pathogenic	splice_donor_variant
14	23900793	C	T	MYH7:4625	SO:0001575|splice_donor_variant	Pathogenic	splice_donor_variant
14	23900799	G	A	MYH7:4625	SO:0001583|missense_variant	Pathogenic/Likely_pathogenic	missense_variant
14	23900811	C	T	MYH7:4625	SO:0001583|missense_variant	Likely_pathogenic	missense_variant
14	23901007	A	G	MYH7:4625	SO:0001583|missense_variant	Pathogenic/Likely_pathogenic	missense_variant
14	23901013	G	A	MYH7:4625	SO:0001583|missense_variant	Pathogenic/Likely_pathogenic	missense_variant
14	23901711	T	A	MYH7:4625	SO:0001583|missense_variant	Likely_pathogenic	missense_variant
14	23901712	C	T	MYH7:4625	SO:0001583|missense_variant	Likely_pathogenic	missense_variant
14	23901855	C	G	MYH7:4625	SO:0001583|missense_variant	Likely_pathogenic	missense_variant
14	23901912	C	A	MYH7:4625	SO:0001583|missense_variant	Pathogenic/Likely_pathogenic	missense_variant
14	23901922	C	T	MYH7:4625	SO:0001583|missense_variant	Likely_pathogenic	missense_variant
14	23901923	G	A	MYH7:4625	SO:0001583|missense_variant	Pathogenic/Likely_pathogenic	missense_variant
15	35085599	C	T	ACTC1:70|GJD2-DT:101928174	SO:0001583|missense_variant	Pathogenic/Likely_pathogenic	missense_variant
15	63336290	A	G	TPM1:7168	SO:0001583|missense_variant,SO:0001627|intron_variant	Likely_pathogenic	missense_variant
15	63336295	G	C	TPM1:7168	SO:0001583|missense_variant,SO:0001627|intron_variant	Likely_pathogenic	missense_variant
15	63349218	T	C	TPM1:7168	SO:0001583|missense_variant	Likely_pathogenic	missense_variant
15	63349227	T	C	TPM1:7168	SO:0001583|missense_variant	Pathogenic/Likely_pathogenic	missense_variant
15	63349235	G	A	TPM1:7168	SO:0001583|missense_variant	Likely_pathogenic	missense_variant
15	63353098	G	A	TPM1:7168	SO:0001583|missense_variant	Pathogenic	missense_variant
15	63353922	G	A	TPM1:7168	SO:0001583|missense_variant,SO:0001627|intron_variant	Pathogenic/Likely_pathogenic	intron_variant
15	63353964	T	G	TPM1:7168	SO:0001583|missense_variant,SO:0001627|intron_variant	Likely_pathogenic	intron_variant
15	63354412	AGTACTC	A	TPM1:7168	.	Likely_pathogenic	splice_acceptor_variant&coding_sequence_variant
15	63354418	C	T	TPM1:7168	SO:0001583|missense_variant	Pathogenic/Likely_pathogenic	missense_variant
15	63354429	G	A	TPM1:7168	SO:0001583|missense_variant	Likely_pathogenic	missense_variant
15	63354462	G	A	TPM1:7168	SO:0001583|missense_variant	Pathogenic	missense_variant
15	63354782	C	G	TPM1:7168	SO:0001583|missense_variant	Likely_pathogenic	missense_variant
15	85382318	C	T	ALPK3:57538	SO:0001587|nonsense	Pathogenic/Likely_pathogenic	stop_gained
15	85400612	GGGGCCGTGTAGCACCCCGACTTCTCA	G	ALPK3:57538	SO:0001589|frameshift_variant	Likely_pathogenic	frameshift_variant
15	85401691	GC	G	ALPK3:57538	SO:0001589|frameshift_variant	Pathogenic/Likely_pathogenic	frameshift_variant
15	85406124	GA	G	ALPK3:57538	SO:0001589|frameshift_variant	Pathogenic/Likely_pathogenic	frameshift_variant
17	37821613	A	G	TCAP:8557	SO:0001582|initiatior_codon_variant,SO:0001583|missense_variant	Likely_pathogenic	start_lost
17	37821635	G	GCGAGGTGT	TCAP:8557	SO:0001589|frameshift_variant	Pathogenic	frameshift_variant
17	37821644	C	CG	TCAP:8557	SO:0001589|frameshift_variant	Pathogenic/Likely_pathogenic	frameshift_variant
17	37821644	CG	C	TCAP:8557	SO:0001589|frameshift_variant	Pathogenic	frameshift_variant
17	37821653	A	ACTGTGAG	TCAP:8557	SO:0001587|nonsense	Pathogenic/Likely_pathogenic	frameshift_variant
17	37821678	G	A	TCAP:8557	SO:0001587|nonsense	Pathogenic	stop_gained
17	37821715	G	T	TCAP:8557	SO:0001587|nonsense	Pathogenic	stop_gained
17	37821719	AGG	A	TCAP:8557	SO:0001575|splice_donor_variant	Pathogenic	frameshift_variant&splice_region_variant
17	37821993	CCA	C	TCAP:8557	SO:0001589|frameshift_variant	Pathogenic	frameshift_variant
17	37822015	C	T	TCAP:8557	SO:0001587|nonsense	Pathogenic/Likely_pathogenic	stop_gained
17	37822024	C	T	TCAP:8557	SO:0001587|nonsense	Pathogenic	stop_gained
17	37822029	C	A	TCAP:8557	SO:0001587|nonsense	Likely_pathogenic	stop_gained
19	19637003	T	C	NDUFA13:51079	SO:0001583|missense_variant	Pathogenic	missense_variant
19	19638108	CT	C	NDUFA13:51079	SO:0001589|frameshift_variant	Pathogenic	frameshift_variant
19	55663224	C	T	TNNI3:7137	SO:0001583|missense_variant	Pathogenic/Likely_pathogenic	missense_variant
19	55663249	C	T	TNNI3:7137	SO:0001583|missense_variant	Pathogenic/Likely_pathogenic	missense_variant
19	55663260	C	T	TNNI3:7137	SO:0001583|missense_variant	Pathogenic	missense_variant
19	55663260	C	G	TNNI3:7137	SO:0001583|missense_variant	Likely_pathogenic	missense_variant
19	55663261	G	A	TNNI3:7137	SO:0001583|missense_variant	Pathogenic/Likely_pathogenic	missense_variant
19	55663267	C	A	TNNI3:7137	SO:0001583|missense_variant	Likely_pathogenic	missense_variant
19	55663278	C	T	TNNI3:7137	SO:0001583|missense_variant	Pathogenic/Likely_pathogenic	missense_variant
19	55665412	CCTT	C	TNNI3:7137	SO:0001822|inframe_deletion	Pathogenic	inframe_deletion
19	55665438	C	T	TNNI3:7137	SO:0001583|missense_variant	Pathogenic	missense_variant
19	55665439	G	A	TNNI3:7137	SO:0001583|missense_variant	Pathogenic/Likely_pathogenic	missense_variant
19	55665450	G	A	TNNI3:7137	SO:0001583|missense_variant	Pathogenic/Likely_pathogenic	missense_variant
19	55665462	C	T	TNNI3:7137	SO:0001583|missense_variant	Pathogenic/Likely_pathogenic	missense_variant
19	55665462	C	G	TNNI3:7137	SO:0001583|missense_variant	Pathogenic/Likely_pathogenic	missense_variant
19	55665463	G	A	TNNI3:7137	SO:0001583|missense_variant	Pathogenic/Likely_pathogenic	missense_variant
19	55665477	G	A	TNNI3:7137	SO:0001583|missense_variant	Pathogenic	missense_variant
19	55665509	T	A	TNNI3:7137	SO:0001583|missense_variant	Likely_pathogenic	missense_variant
19	55665513	C	T	TNNI3:7137	SO:0001583|missense_variant	Pathogenic/Likely_pathogenic	missense_variant
19	55665514	G	C	TNNI3:7137	SO:0001583|missense_variant	Pathogenic	missense_variant
19	55665514	G	A	TNNI3:7137	SO:0001583|missense_variant	Pathogenic	missense_variant
19	55665516	A	G	TNNI3:7137	SO:0001583|missense_variant	Likely_pathogenic	missense_variant
19	55665525	C	T	TNNI3:7137	SO:0001583|missense_variant	Pathogenic/Likely_pathogenic	missense_variant
19	55665540	C	T	TNNI3:7137	SO:0001583|missense_variant	Likely_pathogenic	missense_variant
19	55665543	A	G	TNNI3:7137	SO:0001583|missense_variant	Likely_pathogenic	missense_variant
19	55668465	G	A	TNNI3:7137	SO:0001583|missense_variant	Likely_pathogenic	missense_variant
1	26387675	ACT	A	TRIM63:84676	SO:0001589|frameshift_variant	Pathogenic	frameshift_variant
1	26387768	G	C	TRIM63:84676	SO:0001583|missense_variant	Pathogenic	missense_variant
1	156106075	C	T	LMNA:4000	SO:0001587|nonsense	Pathogenic/Likely_pathogenic	stop_gained
1	156107442	C	G	LMNA:4000	SO:0001627|intron_variant	Pathogenic/Likely_pathogenic	splice_region_variant&splice_polypyrimidine_tract_variant&intron_variant
1	201328344	C	T	TNNT2:7139	SO:0001587|nonsense	Pathogenic/Likely_pathogenic	stop_gained
1	201328345	C	T	TNNT2:7139	SO:0001587|nonsense	Pathogenic/Likely_pathogenic	stop_gained
1	201328750	C	A	TNNT2:7139	SO:0001575|splice_donor_variant	Pathogenic/Likely_pathogenic	splice_donor_variant
1	201328750	C	T	TNNT2:7139	SO:0001575|splice_donor_variant	Pathogenic	splice_donor_variant
1	201332458	G	A	TNNT2:7139	SO:0001583|missense_variant	Pathogenic/Likely_pathogenic	missense_variant
1	201332504	TCTC	T	TNNT2:7139	SO:0001822|inframe_deletion	Pathogenic	inframe_deletion
1	201333464	G	A	TNNT2:7139	SO:0001583|missense_variant	Pathogenic	missense_variant
1	201333497	G	A	TNNT2:7139	SO:0001583|missense_variant	Pathogenic/Likely_pathogenic	missense_variant
1	201334370	A	C	TNNT2:7139	SO:0001583|missense_variant,SO:0001627|intron_variant	Pathogenic/Likely_pathogenic	missense_variant
1	201334396	ACTCATT	A	TNNT2:7139	SO:0001822|inframe_deletion,SO:0001627|intron_variant	Pathogenic	inframe_deletion
1	201334419	C	T	TNNT2:7139	SO:0001583|missense_variant,SO:0001627|intron_variant	Pathogenic	missense_variant
1	201334419	C	A	TNNT2:7139	SO:0001583|missense_variant,SO:0001627|intron_variant	Pathogenic/Likely_pathogenic	missense_variant
1	201334420	G	A	TNNT2:7139	SO:0001583|missense_variant,SO:0001627|intron_variant	Pathogenic/Likely_pathogenic	missense_variant
1	201334423	T	G	TNNT2:7139	SO:0001583|missense_variant,SO:0001627|intron_variant	Likely_pathogenic	missense_variant
1	201334425	C	T	TNNT2:7139	SO:0001583|missense_variant,SO:0001627|intron_variant	Pathogenic/Likely_pathogenic	missense_variant
1	201334426	G	A	TNNT2:7139	SO:0001583|missense_variant,SO:0001627|intron_variant	Pathogenic	missense_variant
1	201334745	T	G	TNNT2:7139	SO:0001583|missense_variant	Likely_pathogenic	missense_variant
1	201334758	C	T	TNNT2:7139	SO:0001583|missense_variant	Pathogenic/Likely_pathogenic	missense_variant
1	201334766	A	T	TNNT2:7139	SO:0001583|missense_variant	Pathogenic	missense_variant
1	236882307	G	A	ACTN2:88	SO:0001583|missense_variant,SO:0001623|5_prime_UTR_variant	Pathogenic/Likely_pathogenic	missense_variant
2	179438003	C	A	TTN:7273|TTN-AS1:100506866	SO:0001587|nonsense	Pathogenic	stop_gained
2	220290456	C	T	DES:1674	SO:0001583|missense_variant	Pathogenic/Likely_pathogenic	missense_variant
3	8787396	T	A	CAV3:859	SO:0001583|missense_variant	Likely_pathogenic	missense_variant
3	12626123	G	C	RAF1:5894	SO:0001583|missense_variant,SO:0001619|non-coding_transcript_variant	Pathogenic	missense_variant
3	12645688	G	A	RAF1:5894	SO:0001583|missense_variant,SO:0001619|non-coding_transcript_variant	Pathogenic	missense_variant
3	12645688	G	C	RAF1:5894	SO:0001583|missense_variant,SO:0001619|non-coding_transcript_variant	Pathogenic/Likely_pathogenic	missense_variant
3	12645700	A	G	RAF1:5894	SO:0001583|missense_variant,SO:0001619|non-coding_transcript_variant	Likely_pathogenic	missense_variant
3	14183165	C	T	TMEM43:79188	SO:0001583|missense_variant	Pathogenic	missense_variant
3	46900983	G	C	MYL3:4634	SO:0001583|missense_variant	Pathogenic/Likely_pathogenic	missense_variant
3	46901001	T	C	MYL3:4634	SO:0001583|missense_variant	Pathogenic	missense_variant
3	46902192	C	T	MYL3:4634	SO:0001583|missense_variant	Pathogenic/Likely_pathogenic	missense_variant
3	52488009	G	A	TNNC1:7134	SO:0001583|missense_variant	Pathogenic/Likely_pathogenic	missense_variant&splice_region_variant
3	122003250	G	A	CASR:846	SO:0001583|missense_variant	Likely_pathogenic	missense_variant
5	68411798	GTTATC	G	SLC30A5:64924	SO:0001589|frameshift_variant	Likely_pathogenic	frameshift_variant
5	68419233	TAC	T	SLC30A5:64924	SO:0001589|frameshift_variant	Likely_pathogenic	frameshift_variant
6	118880200	T	G	PLN:5350|CEP85L:387119	SO:0001587|nonsense,SO:0001627|intron_variant	Pathogenic/Likely_pathogenic	stop_gained
7	151257696	C	A	PRKAG2:51422	SO:0001583|missense_variant	Pathogenic/Likely_pathogenic	missense_variant
7	151257696	C	T	PRKAG2:51422	SO:0001583|missense_variant	Pathogenic	missense_variant
7	151257699	T	C	PRKAG2:51422	SO:0001583|missense_variant	Pathogenic	missense_variant
7	151261232	C	G	PRKAG2:51422	SO:0001583|missense_variant	Likely_pathogenic	missense_variant
7	151265836	G	T	PRKAG2:51422	SO:0001583|missense_variant	Likely_pathogenic	missense_variant
7	151269771	G	A	PRKAG2:51422	SO:0001583|missense_variant	Likely_pathogenic	missense_variant
7	151269779	A	G	PRKAG2:51422	SO:0001583|missense_variant	Likely_pathogenic	missense_variant
7	151273498	C	T	PRKAG2:51422	SO:0001583|missense_variant	Pathogenic	missense_variant
7	151273524	G	T	PRKAG2:51422	SO:0001583|missense_variant	Pathogenic/Likely_pathogenic	missense_variant
X	100652970	C	T	GLA:2717|RPL36A-HNRNPH2:100529097	SO:0001583|missense_variant,SO:0001619|non-coding_transcript_variant,SO:0001627|intron_variant	Pathogenic/Likely_pathogenic	missense_variant
X	100653045	C	G	GLA:2717|RPL36A-HNRNPH2:100529097	SO:0001583|missense_variant,SO:0001619|non-coding_transcript_variant,SO:0001627|intron_variant	Likely_pathogenic	missense_variant
X	100653455	C	T	GLA:2717|RPL36A-HNRNPH2:100529097	SO:0001583|missense_variant,SO:0001619|non-coding_transcript_variant,SO:0001627|intron_variant	Pathogenic	missense_variant
X	100653488	A	G	GLA:2717|RPL36A-HNRNPH2:100529097	SO:0001583|missense_variant,SO:0001619|non-coding_transcript_variant,SO:0001627|intron_variant	Likely_pathogenic	missense_variant
X	100653907	A	G	GLA:2717|RPL36A-HNRNPH2:100529097	SO:0001583|missense_variant,SO:0001619|non-coding_transcript_variant,SO:0001627|intron_variant	Likely_pathogenic	missense_variant
X	100653930	T	C	GLA:2717|RPL36A-HNRNPH2:100529097	SO:0001583|missense_variant,SO:0001619|non-coding_transcript_variant,SO:0001627|intron_variant	Pathogenic	missense_variant
X	119576454	C	T	LAMP2:3920	SO:0001583|missense_variant	Pathogenic	missense_variant&splice_region_variant
X	119576505	G	A	LAMP2:3920	SO:0001587|nonsense	Pathogenic	stop_gained
X	119580153	TACTC	T	LAMP2:3920	SO:0001575|splice_donor_variant	Pathogenic	splice_donor_5th_base_variant&intron_variant
X	119582917	CT	C	LAMP2:3920	SO:0001589|frameshift_variant	Likely_pathogenic	frameshift_variant
X	119590505	C	T	LAMP2:3920	SO:0001575|splice_donor_variant	Pathogenic	splice_donor_variant
X	119590506	A	T	LAMP2:3920	SO:0001587|nonsense	Pathogenic	stop_gained&splice_region_variant
X	119590559	C	CAT	LAMP2:3920	SO:0001589|frameshift_variant	Likely_pathogenic	frameshift_variant
