chr	pos	ref	alt	Consequence	HGVSc	SYMBOL	FATHMM	MetaLR	MPC	MISTIC	ClinPred
1	201328767	T	C	missense_variant	ENST00000509001.1:c.805A>G	TNNT2	True	False	False	False	False
1	201332460	C	G	missense_variant	ENST00000509001.1:c.534G>C	TNNT2	True	False	False	False	True
1	201334401	T	C	missense_variant	ENST00000509001.1:c.299A>G	TNNT2	True	True	True	True	False
3	46899916	T	C	missense_variant	ENST00000395869.1:c.517A>G	MYL3	True	False	False	False	True
3	46900985	C	T	missense_variant	ENST00000395869.1:c.461G>A	MYL3	True	True	False	True	True
3	46900986	G	A	missense_variant	ENST00000395869.1:c.460C>T	MYL3	True	True	True	True	True
3	46902289	C	T	missense_variant	ENST00000395869.1:c.184G>A	MYL3	True	True	True	True	True
11	47353625	C	T	missense_variant&splice_region_variant	ENST00000545968.1:c.3812G>A	MYBPC3	False	False	True	False	True
11	47353629	C	T	missense_variant	ENST00000545968.1:c.3808G>A	MYBPC3	True	True	True	True	True
11	47353686	A	G	missense_variant	ENST00000545968.1:c.3751T>C	MYBPC3	True	True	True	True	True
11	47353761	G	A	missense_variant	ENST00000545968.1:c.3676C>T	MYBPC3	False	True	True	False	True
11	47353797	A	T	missense_variant	ENST00000545968.1:c.3640T>A	MYBPC3	True	True	True	True	True
11	47354130	C	T	missense_variant	ENST00000545968.1:c.3614G>A	MYBPC3	False	False	True	True	True
11	47354375	G	C	missense_variant	ENST00000545968.1:c.3480C>G	MYBPC3	True	True	True	True	True
11	47354403	G	A	missense_variant	ENST00000545968.1:c.3452C>T	MYBPC3	True	True	True	True	True
11	47354791	G	A	missense_variant	ENST00000545968.1:c.3284C>T	MYBPC3	False	False	True	False	True
11	47354798	C	A	missense_variant	ENST00000545968.1:c.3277G>T	MYBPC3	True	True	True	True	True
11	47355200	C	T	missense_variant	ENST00000545968.1:c.3098G>A	MYBPC3	False	False	True	True	True
11	47355279	A	G	missense_variant	ENST00000545968.1:c.3019T>C	MYBPC3	True	True	True	True	True
11	47356659	G	T	missense_variant	ENST00000545968.1:c.2839C>A	MYBPC3	False	False	False	False	True
11	47356664	C	T	missense_variant	ENST00000545968.1:c.2834G>A	MYBPC3	False	False	True	False	True
11	47357450	G	T	missense_variant	ENST00000545968.1:c.2715C>A	MYBPC3	False	False	False	False	True
11	47357493	C	T	missense_variant	ENST00000545968.1:c.2672G>A	MYBPC3	False	False	True	False	True
11	47358986	C	A	missense_variant	ENST00000545968.1:c.2558G>T	MYBPC3	False	True	True	True	True
11	47358994	G	C	missense_variant	ENST00000545968.1:c.2550C>G	MYBPC3	False	True	True	True	True
11	47359001	G	C	missense_variant	ENST00000545968.1:c.2543C>G	MYBPC3	False	True	True	False	True
11	47359109	T	C	missense_variant	ENST00000545968.1:c.2435A>G	MYBPC3	False	False	True	False	True
11	47359256	C	T	missense_variant	ENST00000545968.1:c.2398G>A	MYBPC3	False	False	True	False	True
11	47359298	C	A	missense_variant	ENST00000545968.1:c.2356G>T	MYBPC3	False	False	True	True	True
11	47360110	C	T	missense_variant	ENST00000545968.1:c.2269G>A	MYBPC3	False	False	True	False	True
11	47361213	C	G	missense_variant	ENST00000545968.1:c.2056G>C	MYBPC3	False	False	False	False	False
11	47362758	C	T	missense_variant	ENST00000545968.1:c.1828G>A	MYBPC3	True	True	True	True	True
11	47362777	A	C	missense_variant	ENST00000545968.1:c.1809T>G	MYBPC3	True	True	True	False	True
11	47363549	T	C	missense_variant	ENST00000545968.1:c.1783A>G	MYBPC3	False	False	False	False	True
11	47363566	C	T	missense_variant	ENST00000545968.1:c.1766G>A	MYBPC3	True	True	True	True	True
11	47363567	G	C	missense_variant	ENST00000545968.1:c.1765C>G	MYBPC3	True	True	True	True	True
11	47363612	G	A	missense_variant	ENST00000545968.1:c.1720C>T	MYBPC3	False	False	True	False	True
11	47363648	C	T	missense_variant	ENST00000545968.1:c.1684G>A	MYBPC3	True	True	True	True	True
11	47364185	C	A	missense_variant	ENST00000545968.1:c.1568G>T	MYBPC3	True	True	True	True	True
11	47364188	G	A	missense_variant	ENST00000545968.1:c.1565C>T	MYBPC3	False	False	False	False	False
11	47364382	A	C	missense_variant&splice_region_variant	ENST00000545968.1:c.1456T>G	MYBPC3	True	True	True	True	True
11	47364676	C	A	missense_variant	ENST00000545968.1:c.1247G>T	MYBPC3	False	False	True	True	True
11	47364685	T	C	missense_variant	ENST00000545968.1:c.1238A>G	MYBPC3	False	False	True	True	True
11	47367779	G	A	missense_variant	ENST00000545968.1:c.1069C>T	MYBPC3	False	False	False	False	True
11	47367811	C	T	missense_variant	ENST00000545968.1:c.1037G>A	MYBPC3	False	False	False	True	True
11	47367827	C	T	missense_variant	ENST00000545968.1:c.1021G>A	MYBPC3	False	True	True	True	True
11	47367884	A	G	missense_variant	ENST00000545968.1:c.964T>C	MYBPC3	False	False	True	True	True
11	47368998	A	G	missense_variant	ENST00000545968.1:c.884T>C	MYBPC3	False	False	True	True	True
11	47369991	G	T	missense_variant	ENST00000545968.1:c.756C>A	MYBPC3	False	False	True	True	True
11	47371330	T	G	missense_variant	ENST00000545968.1:c.649A>C	MYBPC3	False	False	False	False	True
11	47371461	G	T	missense_variant	ENST00000545968.1:c.518C>A	MYBPC3	False	False	False	True	True
11	47371573	A	C	missense_variant	ENST00000545968.1:c.497T>G	MYBPC3	False	True	True	True	True
11	47372086	C	A	missense_variant	ENST00000545968.1:c.373G>T	MYBPC3	False	False	False	False	False
11	47372119	T	C	missense_variant	ENST00000545968.1:c.340A>G	MYBPC3	False	False	False	False	False
11	47372790	C	G	missense_variant&splice_region_variant	ENST00000545968.1:c.292G>C	MYBPC3	False	False	False	False	False
14	23883224	C	T	missense_variant	ENST00000355349.3:c.5647G>A	MYH7	True	True	True	True	True
14	23884236	T	C	missense_variant	ENST00000355349.3:c.5527A>G	MYH7	True	False	True	False	False
14	23884601	C	A	missense_variant	ENST00000355349.3:c.5272G>T	MYH7	True	True	True	True	True
14	23884876	T	A	missense_variant	ENST00000355349.3:c.5119A>T	MYH7	True	True	True	False	True
14	23885041	C	A	missense_variant&splice_region_variant	ENST00000355349.3:c.4954G>T	MYH7	True	True	True	True	True
14	23885251	C	T	missense_variant	ENST00000355349.3:c.4915G>A	MYH7	True	True	True	True	True
14	23885302	G	A	missense_variant	ENST00000355349.3:c.4864C>T	MYH7	True	True	True	True	True
14	23885487	C	T	missense_variant	ENST00000355349.3:c.4679G>A	MYH7	True	True	True	True	True
14	23886479	C	G	missense_variant	ENST00000355349.3:c.4402G>C	MYH7	True	True	True	False	True
14	23886518	C	T	missense_variant	ENST00000355349.3:c.4363G>A	MYH7	True	True	True	True	True
14	23886738	C	T	missense_variant	ENST00000355349.3:c.4327G>A	MYH7	True	True	True	True	True
14	23886857	G	T	missense_variant	ENST00000355349.3:c.4208C>A	MYH7	True	True	True	True	True
14	23887429	C	T	missense_variant	ENST00000355349.3:c.4159G>A	MYH7	True	True	True	True	True
14	23888458	C	G	missense_variant	ENST00000355349.3:c.3900G>C	MYH7	True	True	True	True	True
14	23889079	T	G	missense_variant	ENST00000355349.3:c.3701A>C	MYH7	True	True	True	True	True
14	23889143	C	T	missense_variant	ENST00000355349.3:c.3637G>A	MYH7	True	True	True	True	False
14	23889170	C	G	missense_variant	ENST00000355349.3:c.3610G>C	MYH7	True	True	True	True	True
14	23889229	T	A	missense_variant	ENST00000355349.3:c.3551A>T	MYH7	True	True	True	True	True
14	23889373	C	T	missense_variant	ENST00000355349.3:c.3407G>A	MYH7	True	True	True	True	True
14	23890229	C	T	missense_variant	ENST00000355349.3:c.3274G>A	MYH7	True	False	False	False	False
14	23893192	T	A	missense_variant	ENST00000355349.3:c.2846A>T	MYH7	True	True	True	True	True
14	23893299	A	C	missense_variant	ENST00000355349.3:c.2739T>G	MYH7	True	True	True	True	True
14	23893315	A	G	missense_variant	ENST00000355349.3:c.2723T>C	MYH7	True	True	True	True	True
14	23893339	T	A	missense_variant	ENST00000355349.3:c.2699A>T	MYH7	True	True	True	True	True
14	23894149	G	C	missense_variant	ENST00000355349.3:c.2508C>G	MYH7	True	True	True	True	True
14	23894163	G	A	missense_variant	ENST00000355349.3:c.2494C>T	MYH7	True	True	True	True	True
14	23894175	G	A	missense_variant	ENST00000355349.3:c.2482C>T	MYH7	True	True	True	True	True
14	23894176	C	A	missense_variant	ENST00000355349.3:c.2481G>T	MYH7	True	True	True	True	True
14	23894206	G	T	missense_variant	ENST00000355349.3:c.2451C>A	MYH7	True	True	True	True	True
14	23894977	C	G	missense_variant	ENST00000355349.3:c.2213G>C	MYH7	True	True	True	True	True
14	23894984	T	C	missense_variant	ENST00000355349.3:c.2206A>G	MYH7	True	True	True	False	True
14	23895012	G	T	missense_variant	ENST00000355349.3:c.2178C>A	MYH7	True	True	True	True	True
14	23895236	T	G	missense_variant	ENST00000355349.3:c.2099A>C	MYH7	True	True	True	True	True
14	23896499	C	T	missense_variant	ENST00000355349.3:c.1906G>A	MYH7	True	True	True	False	True
14	23896811	T	C	missense_variant	ENST00000355349.3:c.1871A>G	MYH7	True	True	True	True	True
14	23898166	C	T	missense_variant&splice_region_variant	ENST00000355349.3:c.1405G>A	MYH7	True	True	True	True	True
14	23898280	C	G	missense_variant	ENST00000355349.3:c.1291G>C	MYH7	True	True	True	True	True
14	23898491	G	A	missense_variant	ENST00000355349.3:c.1204C>T	MYH7	True	True	True	True	True
14	23899815	G	T	missense_variant	ENST00000355349.3:c.953C>A	MYH7	True	True	True	True	True
14	23900629	G	T	missense_variant&splice_region_variant	ENST00000355349.3:c.794C>A	MYH7	True	True	True	True	True
14	23900809	G	C	missense_variant	ENST00000355349.3:c.717C>G	MYH7	True	True	True	True	True
14	23901049	T	C	missense_variant	ENST00000355349.3:c.560A>G	MYH7	True	True	True	True	True
14	23901919	C	T	missense_variant	ENST00000355349.3:c.431G>A	MYH7	True	True	True	True	True
14	23901922	C	G	missense_variant	ENST00000355349.3:c.428G>C	MYH7	True	True	True	True	True
14	23902310	C	A	missense_variant	ENST00000355349.3:c.328G>T	MYH7	True	True	True	True	True
14	23902808	T	C	missense_variant	ENST00000355349.3:c.134A>G	MYH7	False	False	True	False	True
15	35083451	A	G	missense_variant	ENST00000290378.4:c.854T>C	ACTC1	True	True	True	True	True
15	35083455	T	A	missense_variant	ENST00000290378.4:c.850A>T	ACTC1	True	True	True	True	True
15	35084711	C	T	missense_variant	ENST00000290378.4:c.514G>A	ACTC1	True	True	True	True	True
15	63335086	G	A	missense_variant	ENST00000358278.3:c.58G>A	TPM1	True	True	True	True	True
15	63335097	G	C	missense_variant	ENST00000358278.3:c.69G>C	TPM1	True	True	True	True	True
15	63349311	G	A	missense_variant	ENST00000358278.3:c.368G>A	TPM1	True	True	True	True	True
15	63354833	A	G	missense_variant	ENST00000358278.3:c.761A>G	TPM1	True	True	True	True	True
15	63363366	A	G	missense_variant	ENST00000358278.3:c.850A>G	TPM1	True	False	True	False	True
19	55663210	C	T	missense_variant	ENST00000344887.5:c.625G>A	TNNI3	True	True	True	True	True
19	55665466	C	G	missense_variant	ENST00000344887.5:c.481G>C	TNNI3	True	True	True	True	True
19	55665519	G	T	missense_variant	ENST00000344887.5:c.428C>A	TNNI3	True	True	True	False	False
12	111348923	C	G	missense_variant	ENST00000228841.8:c.459G>C	MYL2	True	False	False	False	False
12	111351090	C	T	missense_variant	ENST00000228841.8:c.313G>A	MYL2	True	False	True	False	True
12	111353569	C	T	missense_variant	ENST00000228841.8:c.119G>A	MYL2	False	False	False	True	True
12	111356952	C	T	missense_variant	ENST00000228841.8:c.49G>A	MYL2	True	True	True	True	True
